zona_climatica;suris_range;volris_range;supdi_range;EPgl_nren;EPgl_ren;CO2
A;<50;<50;<50;0.0;0.0;0.0
A;<50;<50;50-100;0.0;0.0;0.0
A;<50;<50;100-200;0.0;0.0;0.0
A;<50;<50;200-500;0.0;0.0;0.0
A;<50;<50;500-1000;0.0;0.0;0.0
A;<50;<50;1000-5000;0.0;0.0;0.0
A;<50;<50;>5000;0.0;0.0;0.0
A;<50;50-100;<50;133.96;121.53;30.14
A;<50;50-100;50-100;163.99;68.82;37.0
A;<50;50-100;100-200;205.09;27.76;42.8
A;<50;50-100;200-500;0.0;0.0;0.0
A;<50;50-100;500-1000;0.0;0.0;0.0
A;<50;50-100;1000-5000;0.0;0.0;0.0
A;<50;50-100;>5000;0.0;0.0;0.0
A;<50;100-200;<50;100.63;14.3;21.74
A;<50;100-200;50-100;115.5;35.2;24.08
A;<50;100-200;100-200;154.78;37.57;33.38
A;<50;100-200;200-500;153.16;45.82;31.6
A;<50;100-200;500-1000;0.0;0.0;0.0
A;<50;100-200;1000-5000;0.0;0.0;0.0
A;<50;100-200;>5000;0.0;0.0;0.0
A;<50;200-500;<50;74.96;7.63;16.13
A;<50;200-500;50-100;79.68;13.24;17.02
A;<50;200-500;100-200;141.76;30.67;31.17
A;<50;200-500;200-500;196.66;23.76;40.94
A;<50;200-500;500-1000;0.0;0.0;0.0
A;<50;200-500;1000-5000;0.0;0.0;0.0
A;<50;200-500;>5000;0.0;0.0;0.0
A;<50;500-1000;<50;0.0;0.0;0.0
A;<50;500-1000;50-100;125.47;9.42;26.5
A;<50;500-1000;100-200;0.0;0.0;0.0
A;<50;500-1000;200-500;0.0;0.0;0.0
A;<50;500-1000;500-1000;0.0;0.0;0.0
A;<50;500-1000;1000-5000;0.0;0.0;0.0
A;<50;500-1000;>5000;0.0;0.0;0.0
A;<50;1000-5000;<50;0.0;0.0;0.0
A;<50;1000-5000;50-100;0.0;0.0;0.0
A;<50;1000-5000;100-200;0.0;0.0;0.0
A;<50;1000-5000;200-500;0.0;0.0;0.0
A;<50;1000-5000;500-1000;0.0;0.0;0.0
A;<50;1000-5000;1000-5000;0.0;0.0;0.0
A;<50;1000-5000;>5000;0.0;0.0;0.0
A;<50;5000-10000;<50;0.0;0.0;0.0
A;<50;5000-10000;50-100;0.0;0.0;0.0
A;<50;5000-10000;100-200;0.0;0.0;0.0
A;<50;5000-10000;200-500;0.0;0.0;0.0
A;<50;5000-10000;500-1000;0.0;0.0;0.0
A;<50;5000-10000;1000-5000;0.0;0.0;0.0
A;<50;5000-10000;>5000;0.0;0.0;0.0
A;<50;>10000;<50;0.0;0.0;0.0
A;<50;>10000;50-100;0.0;0.0;0.0
A;<50;>10000;100-200;0.0;0.0;0.0
A;<50;>10000;200-500;0.0;0.0;0.0
A;<50;>10000;500-1000;0.0;0.0;0.0
A;<50;>10000;1000-5000;0.0;0.0;0.0
A;<50;>10000;>5000;0.0;0.0;0.0
A;50-100;<50;<50;0.0;0.0;0.0
A;50-100;<50;50-100;0.0;0.0;0.0
A;50-100;<50;100-200;0.0;0.0;0.0
A;50-100;<50;200-500;0.0;0.0;0.0
A;50-100;<50;500-1000;0.0;0.0;0.0
A;50-100;<50;1000-5000;0.0;0.0;0.0
A;50-100;<50;>5000;0.0;0.0;0.0
A;50-100;50-100;<50;0.0;0.0;0.0
A;50-100;50-100;50-100;0.0;0.0;0.0
A;50-100;50-100;100-200;0.0;0.0;0.0
A;50-100;50-100;200-500;0.0;0.0;0.0
A;50-100;50-100;500-1000;0.0;0.0;0.0
A;50-100;50-100;1000-5000;0.0;0.0;0.0
A;50-100;50-100;>5000;0.0;0.0;0.0
A;50-100;100-200;<50;72.8;14.57;16.73
A;50-100;100-200;50-100;70.58;0.68;14.22
A;50-100;100-200;100-200;107.25;18.04;23.22
A;50-100;100-200;200-500;153.94;29.47;31.94
A;50-100;100-200;500-1000;0.0;0.0;0.0
A;50-100;100-200;1000-5000;0.0;0.0;0.0
A;50-100;100-200;>5000;0.0;0.0;0.0
A;50-100;200-500;<50;100.02;6.87;20.0
A;50-100;200-500;50-100;66.78;10.02;14.42
A;50-100;200-500;100-200;101.33;13.16;21.65
A;50-100;200-500;200-500;136.55;20.83;28.51
A;50-100;200-500;500-1000;187.22;9.62;36.49
A;50-100;200-500;1000-5000;288.85;7.82;58.93
A;50-100;200-500;>5000;0.0;0.0;0.0
A;50-100;500-1000;<50;0.0;0.0;0.0
A;50-100;500-1000;50-100;0.0;0.0;0.0
A;50-100;500-1000;100-200;0.0;0.0;0.0
A;50-100;500-1000;200-500;110.28;6.44;22.19
A;50-100;500-1000;500-1000;115.44;63.84;25.4
A;50-100;500-1000;1000-5000;0.0;0.0;0.0
A;50-100;500-1000;>5000;0.0;0.0;0.0
A;50-100;1000-5000;<50;0.0;0.0;0.0
A;50-100;1000-5000;50-100;0.0;0.0;0.0
A;50-100;1000-5000;100-200;0.0;0.0;0.0
A;50-100;1000-5000;200-500;167.56;3.56;34.04
A;50-100;1000-5000;500-1000;297.96;7.3;60.68
A;50-100;1000-5000;1000-5000;0.0;0.0;0.0
A;50-100;1000-5000;>5000;0.0;0.0;0.0
A;50-100;5000-10000;<50;0.0;0.0;0.0
A;50-100;5000-10000;50-100;0.0;0.0;0.0
A;50-100;5000-10000;100-200;0.0;0.0;0.0
A;50-100;5000-10000;200-500;0.0;0.0;0.0
A;50-100;5000-10000;500-1000;0.0;0.0;0.0
A;50-100;5000-10000;1000-5000;0.0;0.0;0.0
A;50-100;5000-10000;>5000;0.0;0.0;0.0
A;50-100;>10000;<50;0.0;0.0;0.0
A;50-100;>10000;50-100;0.0;0.0;0.0
A;50-100;>10000;100-200;0.0;0.0;0.0
A;50-100;>10000;200-500;0.0;0.0;0.0
A;50-100;>10000;500-1000;0.0;0.0;0.0
A;50-100;>10000;1000-5000;0.0;0.0;0.0
A;50-100;>10000;>5000;0.0;0.0;0.0
A;100-200;<50;<50;0.0;0.0;0.0
A;100-200;<50;50-100;0.0;0.0;0.0
A;100-200;<50;100-200;0.0;0.0;0.0
A;100-200;<50;200-500;0.0;0.0;0.0
A;100-200;<50;500-1000;0.0;0.0;0.0
A;100-200;<50;1000-5000;0.0;0.0;0.0
A;100-200;<50;>5000;0.0;0.0;0.0
A;100-200;50-100;<50;0.0;0.0;0.0
A;100-200;50-100;50-100;0.0;0.0;0.0
A;100-200;50-100;100-200;0.0;0.0;0.0
A;100-200;50-100;200-500;0.0;0.0;0.0
A;100-200;50-100;500-1000;0.0;0.0;0.0
A;100-200;50-100;1000-5000;0.0;0.0;0.0
A;100-200;50-100;>5000;0.0;0.0;0.0
A;100-200;100-200;<50;0.0;0.0;0.0
A;100-200;100-200;50-100;0.0;0.0;0.0
A;100-200;100-200;100-200;0.0;0.0;0.0
A;100-200;100-200;200-500;0.0;0.0;0.0
A;100-200;100-200;500-1000;0.0;0.0;0.0
A;100-200;100-200;1000-5000;0.0;0.0;0.0
A;100-200;100-200;>5000;0.0;0.0;0.0
A;100-200;200-500;<50;89.52;0.36;18.22
A;100-200;200-500;50-100;61.36;12.44;13.76
A;100-200;200-500;100-200;71.72;11.63;15.64
A;100-200;200-500;200-500;104.07;18.5;21.88
A;100-200;200-500;500-1000;153.97;4.55;30.95
A;100-200;200-500;1000-5000;155.46;6.68;32.09
A;100-200;200-500;>5000;0.0;0.0;0.0
A;100-200;500-1000;<50;122.03;27.63;15.71
A;100-200;500-1000;50-100;0.0;0.0;0.0
A;100-200;500-1000;100-200;72.33;10.86;15.12
A;100-200;500-1000;200-500;111.2;13.92;23.03
A;100-200;500-1000;500-1000;141.5;31.34;29.19
A;100-200;500-1000;1000-5000;203.71;91.19;43.11
A;100-200;500-1000;>5000;0.0;0.0;0.0
A;100-200;1000-5000;<50;0.0;0.0;0.0
A;100-200;1000-5000;50-100;0.0;0.0;0.0
A;100-200;1000-5000;100-200;0.0;0.0;0.0
A;100-200;1000-5000;200-500;85.92;6.21;18.11
A;100-200;1000-5000;500-1000;160.35;6.37;32.78
A;100-200;1000-5000;1000-5000;0.0;0.0;0.0
A;100-200;1000-5000;>5000;0.0;0.0;0.0
A;100-200;5000-10000;<50;0.0;0.0;0.0
A;100-200;5000-10000;50-100;0.0;0.0;0.0
A;100-200;5000-10000;100-200;0.0;0.0;0.0
A;100-200;5000-10000;200-500;0.0;0.0;0.0
A;100-200;5000-10000;500-1000;0.0;0.0;0.0
A;100-200;5000-10000;1000-5000;0.0;0.0;0.0
A;100-200;5000-10000;>5000;0.0;0.0;0.0
A;100-200;>10000;<50;0.0;0.0;0.0
A;100-200;>10000;50-100;0.0;0.0;0.0
A;100-200;>10000;100-200;0.0;0.0;0.0
A;100-200;>10000;200-500;0.0;0.0;0.0
A;100-200;>10000;500-1000;0.0;0.0;0.0
A;100-200;>10000;1000-5000;0.0;0.0;0.0
A;100-200;>10000;>5000;0.0;0.0;0.0
A;200-500;<50;<50;0.0;0.0;0.0
A;200-500;<50;50-100;0.0;0.0;0.0
A;200-500;<50;100-200;0.0;0.0;0.0
A;200-500;<50;200-500;0.0;0.0;0.0
A;200-500;<50;500-1000;0.0;0.0;0.0
A;200-500;<50;1000-5000;0.0;0.0;0.0
A;200-500;<50;>5000;0.0;0.0;0.0
A;200-500;50-100;<50;0.0;0.0;0.0
A;200-500;50-100;50-100;0.0;0.0;0.0
A;200-500;50-100;100-200;0.0;0.0;0.0
A;200-500;50-100;200-500;0.0;0.0;0.0
A;200-500;50-100;500-1000;0.0;0.0;0.0
A;200-500;50-100;1000-5000;0.0;0.0;0.0
A;200-500;50-100;>5000;0.0;0.0;0.0
A;200-500;100-200;<50;0.0;0.0;0.0
A;200-500;100-200;50-100;0.0;0.0;0.0
A;200-500;100-200;100-200;0.0;0.0;0.0
A;200-500;100-200;200-500;0.0;0.0;0.0
A;200-500;100-200;500-1000;0.0;0.0;0.0
A;200-500;100-200;1000-5000;0.0;0.0;0.0
A;200-500;100-200;>5000;0.0;0.0;0.0
A;200-500;200-500;<50;0.0;0.0;0.0
A;200-500;200-500;50-100;0.0;0.0;0.0
A;200-500;200-500;100-200;37.88;5.43;8.38
A;200-500;200-500;200-500;0.0;0.0;0.0
A;200-500;200-500;500-1000;0.0;0.0;0.0
A;200-500;200-500;1000-5000;0.0;0.0;0.0
A;200-500;200-500;>5000;0.0;0.0;0.0
A;200-500;500-1000;<50;51.12;10.54;11.79
A;200-500;500-1000;50-100;0.0;0.0;0.0
A;200-500;500-1000;100-200;0.0;0.0;0.0
A;200-500;500-1000;200-500;86.15;10.36;18.03
A;200-500;500-1000;500-1000;88.4;25.6;18.8
A;200-500;500-1000;1000-5000;0.0;0.0;0.0
A;200-500;500-1000;>5000;0.0;0.0;0.0
A;200-500;1000-5000;<50;0.0;0.0;0.0
A;200-500;1000-5000;50-100;64.48;8.61;14.18
A;200-500;1000-5000;100-200;0.0;0.0;0.0
A;200-500;1000-5000;200-500;0.0;0.0;0.0
A;200-500;1000-5000;500-1000;93.68;5.16;19.14
A;200-500;1000-5000;1000-5000;38.77;62.96;8.16
A;200-500;1000-5000;>5000;0.0;0.0;0.0
A;200-500;5000-10000;<50;0.0;0.0;0.0
A;200-500;5000-10000;50-100;0.0;0.0;0.0
A;200-500;5000-10000;100-200;0.0;0.0;0.0
A;200-500;5000-10000;200-500;0.0;0.0;0.0
A;200-500;5000-10000;500-1000;0.0;0.0;0.0
A;200-500;5000-10000;1000-5000;0.0;0.0;0.0
A;200-500;5000-10000;>5000;0.0;0.0;0.0
A;200-500;>10000;<50;0.0;0.0;0.0
A;200-500;>10000;50-100;0.0;0.0;0.0
A;200-500;>10000;100-200;0.0;0.0;0.0
A;200-500;>10000;200-500;0.0;0.0;0.0
A;200-500;>10000;500-1000;0.0;0.0;0.0
A;200-500;>10000;1000-5000;0.0;0.0;0.0
A;200-500;>10000;>5000;0.0;0.0;0.0
A;500-1000;<50;<50;0.0;0.0;0.0
A;500-1000;<50;50-100;0.0;0.0;0.0
A;500-1000;<50;100-200;0.0;0.0;0.0
A;500-1000;<50;200-500;0.0;0.0;0.0
A;500-1000;<50;500-1000;0.0;0.0;0.0
A;500-1000;<50;1000-5000;0.0;0.0;0.0
A;500-1000;<50;>5000;0.0;0.0;0.0
A;500-1000;50-100;<50;0.0;0.0;0.0
A;500-1000;50-100;50-100;0.0;0.0;0.0
A;500-1000;50-100;100-200;0.0;0.0;0.0
A;500-1000;50-100;200-500;0.0;0.0;0.0
A;500-1000;50-100;500-1000;0.0;0.0;0.0
A;500-1000;50-100;1000-5000;0.0;0.0;0.0
A;500-1000;50-100;>5000;0.0;0.0;0.0
A;500-1000;100-200;<50;0.0;0.0;0.0
A;500-1000;100-200;50-100;0.0;0.0;0.0
A;500-1000;100-200;100-200;0.0;0.0;0.0
A;500-1000;100-200;200-500;0.0;0.0;0.0
A;500-1000;100-200;500-1000;0.0;0.0;0.0
A;500-1000;100-200;1000-5000;0.0;0.0;0.0
A;500-1000;100-200;>5000;0.0;0.0;0.0
A;500-1000;200-500;<50;0.0;0.0;0.0
A;500-1000;200-500;50-100;0.0;0.0;0.0
A;500-1000;200-500;100-200;0.0;0.0;0.0
A;500-1000;200-500;200-500;0.0;0.0;0.0
A;500-1000;200-500;500-1000;0.0;0.0;0.0
A;500-1000;200-500;1000-5000;0.0;0.0;0.0
A;500-1000;200-500;>5000;0.0;0.0;0.0
A;500-1000;500-1000;<50;0.0;0.0;0.0
A;500-1000;500-1000;50-100;0.0;0.0;0.0
A;500-1000;500-1000;100-200;0.0;0.0;0.0
A;500-1000;500-1000;200-500;0.0;0.0;0.0
A;500-1000;500-1000;500-1000;0.0;0.0;0.0
A;500-1000;500-1000;1000-5000;0.0;0.0;0.0
A;500-1000;500-1000;>5000;0.0;0.0;0.0
A;500-1000;1000-5000;<50;0.0;0.0;0.0
A;500-1000;1000-5000;50-100;0.0;0.0;0.0
A;500-1000;1000-5000;100-200;0.0;0.0;0.0
A;500-1000;1000-5000;200-500;0.0;0.0;0.0
A;500-1000;1000-5000;500-1000;0.0;0.0;0.0
A;500-1000;1000-5000;1000-5000;0.0;0.0;0.0
A;500-1000;1000-5000;>5000;0.0;0.0;0.0
A;500-1000;5000-10000;<50;0.0;0.0;0.0
A;500-1000;5000-10000;50-100;0.0;0.0;0.0
A;500-1000;5000-10000;100-200;0.0;0.0;0.0
A;500-1000;5000-10000;200-500;0.0;0.0;0.0
A;500-1000;5000-10000;500-1000;0.0;0.0;0.0
A;500-1000;5000-10000;1000-5000;0.0;0.0;0.0
A;500-1000;5000-10000;>5000;0.0;0.0;0.0
A;500-1000;>10000;<50;0.0;0.0;0.0
A;500-1000;>10000;50-100;0.0;0.0;0.0
A;500-1000;>10000;100-200;0.0;0.0;0.0
A;500-1000;>10000;200-500;0.0;0.0;0.0
A;500-1000;>10000;500-1000;0.0;0.0;0.0
A;500-1000;>10000;1000-5000;0.0;0.0;0.0
A;500-1000;>10000;>5000;0.0;0.0;0.0
A;1000-5000;<50;<50;0.0;0.0;0.0
A;1000-5000;<50;50-100;0.0;0.0;0.0
A;1000-5000;<50;100-200;0.0;0.0;0.0
A;1000-5000;<50;200-500;0.0;0.0;0.0
A;1000-5000;<50;500-1000;0.0;0.0;0.0
A;1000-5000;<50;1000-5000;0.0;0.0;0.0
A;1000-5000;<50;>5000;0.0;0.0;0.0
A;1000-5000;50-100;<50;0.0;0.0;0.0
A;1000-5000;50-100;50-100;0.0;0.0;0.0
A;1000-5000;50-100;100-200;0.0;0.0;0.0
A;1000-5000;50-100;200-500;0.0;0.0;0.0
A;1000-5000;50-100;500-1000;0.0;0.0;0.0
A;1000-5000;50-100;1000-5000;0.0;0.0;0.0
A;1000-5000;50-100;>5000;0.0;0.0;0.0
A;1000-5000;100-200;<50;0.0;0.0;0.0
A;1000-5000;100-200;50-100;0.0;0.0;0.0
A;1000-5000;100-200;100-200;0.0;0.0;0.0
A;1000-5000;100-200;200-500;0.0;0.0;0.0
A;1000-5000;100-200;500-1000;0.0;0.0;0.0
A;1000-5000;100-200;1000-5000;0.0;0.0;0.0
A;1000-5000;100-200;>5000;0.0;0.0;0.0
A;1000-5000;200-500;<50;0.0;0.0;0.0
A;1000-5000;200-500;50-100;0.0;0.0;0.0
A;1000-5000;200-500;100-200;0.0;0.0;0.0
A;1000-5000;200-500;200-500;0.0;0.0;0.0
A;1000-5000;200-500;500-1000;0.0;0.0;0.0
A;1000-5000;200-500;1000-5000;0.0;0.0;0.0
A;1000-5000;200-500;>5000;0.0;0.0;0.0
A;1000-5000;500-1000;<50;0.0;0.0;0.0
A;1000-5000;500-1000;50-100;0.0;0.0;0.0
A;1000-5000;500-1000;100-200;0.0;0.0;0.0
A;1000-5000;500-1000;200-500;0.0;0.0;0.0
A;1000-5000;500-1000;500-1000;0.0;0.0;0.0
A;1000-5000;500-1000;1000-5000;0.0;0.0;0.0
A;1000-5000;500-1000;>5000;0.0;0.0;0.0
A;1000-5000;1000-5000;<50;0.0;0.0;0.0
A;1000-5000;1000-5000;50-100;0.0;0.0;0.0
A;1000-5000;1000-5000;100-200;0.0;0.0;0.0
A;1000-5000;1000-5000;200-500;0.0;0.0;0.0
A;1000-5000;1000-5000;500-1000;0.0;0.0;0.0
A;1000-5000;1000-5000;1000-5000;0.0;0.0;0.0
A;1000-5000;1000-5000;>5000;0.0;0.0;0.0
A;1000-5000;5000-10000;<50;0.0;0.0;0.0
A;1000-5000;5000-10000;50-100;0.0;0.0;0.0
A;1000-5000;5000-10000;100-200;0.0;0.0;0.0
A;1000-5000;5000-10000;200-500;0.0;0.0;0.0
A;1000-5000;5000-10000;500-1000;0.0;0.0;0.0
A;1000-5000;5000-10000;1000-5000;0.0;0.0;0.0
A;1000-5000;5000-10000;>5000;0.0;0.0;0.0
A;1000-5000;>10000;<50;0.0;0.0;0.0
A;1000-5000;>10000;50-100;0.0;0.0;0.0
A;1000-5000;>10000;100-200;0.0;0.0;0.0
A;1000-5000;>10000;200-500;0.0;0.0;0.0
A;1000-5000;>10000;500-1000;0.0;0.0;0.0
A;1000-5000;>10000;1000-5000;0.0;0.0;0.0
A;1000-5000;>10000;>5000;0.0;0.0;0.0
A;>5000;<50;<50;0.0;0.0;0.0
A;>5000;<50;50-100;0.0;0.0;0.0
A;>5000;<50;100-200;0.0;0.0;0.0
A;>5000;<50;200-500;0.0;0.0;0.0
A;>5000;<50;500-1000;0.0;0.0;0.0
A;>5000;<50;1000-5000;0.0;0.0;0.0
A;>5000;<50;>5000;0.0;0.0;0.0
A;>5000;50-100;<50;0.0;0.0;0.0
A;>5000;50-100;50-100;0.0;0.0;0.0
A;>5000;50-100;100-200;0.0;0.0;0.0
A;>5000;50-100;200-500;0.0;0.0;0.0
A;>5000;50-100;500-1000;0.0;0.0;0.0
A;>5000;50-100;1000-5000;0.0;0.0;0.0
A;>5000;50-100;>5000;0.0;0.0;0.0
A;>5000;100-200;<50;0.0;0.0;0.0
A;>5000;100-200;50-100;0.0;0.0;0.0
A;>5000;100-200;100-200;0.0;0.0;0.0
A;>5000;100-200;200-500;0.0;0.0;0.0
A;>5000;100-200;500-1000;0.0;0.0;0.0
A;>5000;100-200;1000-5000;0.0;0.0;0.0
A;>5000;100-200;>5000;0.0;0.0;0.0
A;>5000;200-500;<50;0.0;0.0;0.0
A;>5000;200-500;50-100;0.0;0.0;0.0
A;>5000;200-500;100-200;0.0;0.0;0.0
A;>5000;200-500;200-500;0.0;0.0;0.0
A;>5000;200-500;500-1000;0.0;0.0;0.0
A;>5000;200-500;1000-5000;0.0;0.0;0.0
A;>5000;200-500;>5000;0.0;0.0;0.0
A;>5000;500-1000;<50;0.0;0.0;0.0
A;>5000;500-1000;50-100;0.0;0.0;0.0
A;>5000;500-1000;100-200;0.0;0.0;0.0
A;>5000;500-1000;200-500;0.0;0.0;0.0
A;>5000;500-1000;500-1000;0.0;0.0;0.0
A;>5000;500-1000;1000-5000;0.0;0.0;0.0
A;>5000;500-1000;>5000;0.0;0.0;0.0
A;>5000;1000-5000;<50;0.0;0.0;0.0
A;>5000;1000-5000;50-100;0.0;0.0;0.0
A;>5000;1000-5000;100-200;0.0;0.0;0.0
A;>5000;1000-5000;200-500;0.0;0.0;0.0
A;>5000;1000-5000;500-1000;0.0;0.0;0.0
A;>5000;1000-5000;1000-5000;0.0;0.0;0.0
A;>5000;1000-5000;>5000;0.0;0.0;0.0
A;>5000;5000-10000;<50;0.0;0.0;0.0
A;>5000;5000-10000;50-100;0.0;0.0;0.0
A;>5000;5000-10000;100-200;0.0;0.0;0.0
A;>5000;5000-10000;200-500;0.0;0.0;0.0
A;>5000;5000-10000;500-1000;0.0;0.0;0.0
A;>5000;5000-10000;1000-5000;0.0;0.0;0.0
A;>5000;5000-10000;>5000;0.0;0.0;0.0
A;>5000;>10000;<50;0.0;0.0;0.0
A;>5000;>10000;50-100;0.0;0.0;0.0
A;>5000;>10000;100-200;0.0;0.0;0.0
A;>5000;>10000;200-500;0.0;0.0;0.0
A;>5000;>10000;500-1000;0.0;0.0;0.0
A;>5000;>10000;1000-5000;0.0;0.0;0.0
A;>5000;>10000;>5000;0.0;0.0;0.0
B;<50;<50;<50;0.0;0.0;0.0
B;<50;<50;50-100;0.0;0.0;0.0
B;<50;<50;100-200;0.0;0.0;0.0
B;<50;<50;200-500;0.0;0.0;0.0
B;<50;<50;500-1000;0.0;0.0;0.0
B;<50;<50;1000-5000;0.0;0.0;0.0
B;<50;<50;>5000;0.0;0.0;0.0
B;<50;50-100;<50;146.63;19.92;30.81
B;<50;50-100;50-100;187.58;19.93;39.09
B;<50;50-100;100-200;254.63;22.15;52.16
B;<50;50-100;200-500;381.25;12.24;77.59
B;<50;50-100;500-1000;134.65;0.0;25.25
B;<50;50-100;1000-5000;0.0;0.0;0.0
B;<50;50-100;>5000;0.0;0.0;0.0
B;<50;100-200;<50;118.13;18.15;25.2
B;<50;100-200;50-100;128.04;18.59;26.75
B;<50;100-200;100-200;186.18;21.46;38.33
B;<50;100-200;200-500;235.29;20.95;47.72
B;<50;100-200;500-1000;328.61;14.44;66.21
B;<50;100-200;1000-5000;163.63;142.1;33.59
B;<50;100-200;>5000;0.0;0.0;0.0
B;<50;200-500;<50;126.82;14.72;26.36
B;<50;200-500;50-100;129.33;18.16;27.12
B;<50;200-500;100-200;162.22;21.43;33.28
B;<50;200-500;200-500;227.66;26.76;46.08
B;<50;200-500;500-1000;389.62;48.14;80.0
B;<50;200-500;1000-5000;373.2;8.03;74.25
B;<50;200-500;>5000;0.0;0.0;0.0
B;<50;500-1000;<50;275.04;42.66;61.36
B;<50;500-1000;50-100;104.17;19.13;22.5
B;<50;500-1000;100-200;211.88;6.21;43.3
B;<50;500-1000;200-500;350.71;21.76;71.88
B;<50;500-1000;500-1000;389.37;39.8;74.58
B;<50;500-1000;1000-5000;0.0;0.0;0.0
B;<50;500-1000;>5000;0.0;0.0;0.0
B;<50;1000-5000;<50;0.0;0.0;0.0
B;<50;1000-5000;50-100;0.0;0.0;0.0
B;<50;1000-5000;100-200;335.68;80.91;79.17
B;<50;1000-5000;200-500;117.2;19.07;24.76
B;<50;1000-5000;500-1000;375.14;8.81;76.34
B;<50;1000-5000;1000-5000;0.0;0.0;0.0
B;<50;1000-5000;>5000;0.0;0.0;0.0
B;<50;5000-10000;<50;0.0;0.0;0.0
B;<50;5000-10000;50-100;0.0;0.0;0.0
B;<50;5000-10000;100-200;0.0;0.0;0.0
B;<50;5000-10000;200-500;0.0;0.0;0.0
B;<50;5000-10000;500-1000;0.0;0.0;0.0
B;<50;5000-10000;1000-5000;0.0;0.0;0.0
B;<50;5000-10000;>5000;0.0;0.0;0.0
B;<50;>10000;<50;0.0;0.0;0.0
B;<50;>10000;50-100;0.0;0.0;0.0
B;<50;>10000;100-200;0.0;0.0;0.0
B;<50;>10000;200-500;0.0;0.0;0.0
B;<50;>10000;500-1000;0.0;0.0;0.0
B;<50;>10000;1000-5000;0.0;0.0;0.0
B;<50;>10000;>5000;0.0;0.0;0.0
B;50-100;<50;<50;0.0;0.0;0.0
B;50-100;<50;50-100;0.0;0.0;0.0
B;50-100;<50;100-200;0.0;0.0;0.0
B;50-100;<50;200-500;0.0;0.0;0.0
B;50-100;<50;500-1000;0.0;0.0;0.0
B;50-100;<50;1000-5000;0.0;0.0;0.0
B;50-100;<50;>5000;0.0;0.0;0.0
B;50-100;50-100;<50;102.29;4.19;19.9
B;50-100;50-100;50-100;114.11;9.81;24.28
B;50-100;50-100;100-200;144.86;12.22;30.5
B;50-100;50-100;200-500;169.39;22.94;35.13
B;50-100;50-100;500-1000;0.0;0.0;0.0
B;50-100;50-100;1000-5000;0.0;0.0;0.0
B;50-100;50-100;>5000;0.0;0.0;0.0
B;50-100;100-200;<50;122.83;22.25;26.39
B;50-100;100-200;50-100;113.54;15.79;24.32
B;50-100;100-200;100-200;142.39;18.07;29.82
B;50-100;100-200;200-500;184.25;18.21;38.35
B;50-100;100-200;500-1000;257.31;27.48;52.66
B;50-100;100-200;1000-5000;337.45;17.74;66.92
B;50-100;100-200;>5000;0.0;0.0;0.0
B;50-100;200-500;<50;110.48;19.08;23.66
B;50-100;200-500;50-100;96.77;13.03;20.51
B;50-100;200-500;100-200;116.86;14.48;24.25
B;50-100;200-500;200-500;170.82;19.62;34.78
B;50-100;200-500;500-1000;276.27;21.71;55.91
B;50-100;200-500;1000-5000;368.54;29.15;73.83
B;50-100;200-500;>5000;0.0;0.0;0.0
B;50-100;500-1000;<50;72.17;9.75;15.89
B;50-100;500-1000;50-100;122.31;12.71;25.83
B;50-100;500-1000;100-200;133.48;13.3;27.92
B;50-100;500-1000;200-500;193.58;23.73;39.75
B;50-100;500-1000;500-1000;262.25;21.73;53.19
B;50-100;500-1000;1000-5000;237.86;0.74;47.17
B;50-100;500-1000;>5000;0.0;0.0;0.0
B;50-100;1000-5000;<50;0.0;0.0;0.0
B;50-100;1000-5000;50-100;67.83;12.69;14.37
B;50-100;1000-5000;100-200;171.38;14.91;35.58
B;50-100;1000-5000;200-500;260.05;15.52;53.74
B;50-100;1000-5000;500-1000;373.82;14.17;76.64
B;50-100;1000-5000;1000-5000;523.51;4.65;105.39
B;50-100;1000-5000;>5000;0.0;0.0;0.0
B;50-100;5000-10000;<50;0.0;0.0;0.0
B;50-100;5000-10000;50-100;0.0;0.0;0.0
B;50-100;5000-10000;100-200;0.0;0.0;0.0
B;50-100;5000-10000;200-500;0.0;0.0;0.0
B;50-100;5000-10000;500-1000;0.0;0.0;0.0
B;50-100;5000-10000;1000-5000;0.0;0.0;0.0
B;50-100;5000-10000;>5000;0.0;0.0;0.0
B;50-100;>10000;<50;0.0;0.0;0.0
B;50-100;>10000;50-100;0.0;0.0;0.0
B;50-100;>10000;100-200;0.0;0.0;0.0
B;50-100;>10000;200-500;0.0;0.0;0.0
B;50-100;>10000;500-1000;0.0;0.0;0.0
B;50-100;>10000;1000-5000;0.0;0.0;0.0
B;50-100;>10000;>5000;0.0;0.0;0.0
B;100-200;<50;<50;0.0;0.0;0.0
B;100-200;<50;50-100;0.0;0.0;0.0
B;100-200;<50;100-200;0.0;0.0;0.0
B;100-200;<50;200-500;0.0;0.0;0.0
B;100-200;<50;500-1000;0.0;0.0;0.0
B;100-200;<50;1000-5000;0.0;0.0;0.0
B;100-200;<50;>5000;0.0;0.0;0.0
B;100-200;50-100;<50;100.63;19.42;23.02
B;100-200;50-100;50-100;114.64;27.63;27.04
B;100-200;50-100;100-200;122.32;14.84;26.79
B;100-200;50-100;200-500;125.71;13.24;25.41
B;100-200;50-100;500-1000;0.0;0.0;0.0
B;100-200;50-100;1000-5000;48.98;0.0;9.18
B;100-200;50-100;>5000;0.0;0.0;0.0
B;100-200;100-200;<50;74.6;8.41;16.98
B;100-200;100-200;50-100;89.81;6.54;19.29
B;100-200;100-200;100-200;116.76;11.61;24.21
B;100-200;100-200;200-500;115.53;10.5;24.19
B;100-200;100-200;500-1000;126.24;39.7;26.67
B;100-200;100-200;1000-5000;0.0;0.0;0.0
B;100-200;100-200;>5000;0.0;0.0;0.0
B;100-200;200-500;<50;100.44;18.79;21.6
B;100-200;200-500;50-100;82.75;11.34;17.47
B;100-200;200-500;100-200;89.81;10.32;18.61
B;100-200;200-500;200-500;137.76;16.48;28.19
B;100-200;200-500;500-1000;188.04;18.65;38.54
B;100-200;200-500;1000-5000;322.31;22.55;65.47
B;100-200;200-500;>5000;0.0;0.0;0.0
B;100-200;500-1000;<50;88.37;16.29;19.12
B;100-200;500-1000;50-100;79.61;9.95;16.81
B;100-200;500-1000;100-200;84.67;9.43;17.61
B;100-200;500-1000;200-500;122.9;17.74;25.08
B;100-200;500-1000;500-1000;163.26;22.08;32.77
B;100-200;500-1000;1000-5000;293.43;24.03;59.83
B;100-200;500-1000;>5000;0.0;0.0;0.0
B;100-200;1000-5000;<50;66.35;0.72;13.32
B;100-200;1000-5000;50-100;78.3;6.51;16.63
B;100-200;1000-5000;100-200;96.43;14.08;20.75
B;100-200;1000-5000;200-500;140.95;14.66;29.1
B;100-200;1000-5000;500-1000;205.99;26.03;42.64
B;100-200;1000-5000;1000-5000;306.1;11.24;62.17
B;100-200;1000-5000;>5000;0.0;0.0;0.0
B;100-200;5000-10000;<50;0.0;0.0;0.0
B;100-200;5000-10000;50-100;0.0;0.0;0.0
B;100-200;5000-10000;100-200;0.0;0.0;0.0
B;100-200;5000-10000;200-500;0.0;0.0;0.0
B;100-200;5000-10000;500-1000;0.0;0.0;0.0
B;100-200;5000-10000;1000-5000;0.0;0.0;0.0
B;100-200;5000-10000;>5000;0.0;0.0;0.0
B;100-200;>10000;<50;0.0;0.0;0.0
B;100-200;>10000;50-100;0.0;0.0;0.0
B;100-200;>10000;100-200;0.0;0.0;0.0
B;100-200;>10000;200-500;0.0;0.0;0.0
B;100-200;>10000;500-1000;0.0;0.0;0.0
B;100-200;>10000;1000-5000;0.0;0.0;0.0
B;100-200;>10000;>5000;0.0;0.0;0.0
B;200-500;<50;<50;0.0;0.0;0.0
B;200-500;<50;50-100;0.0;0.0;0.0
B;200-500;<50;100-200;0.0;0.0;0.0
B;200-500;<50;200-500;0.0;0.0;0.0
B;200-500;<50;500-1000;0.0;0.0;0.0
B;200-500;<50;1000-5000;0.0;0.0;0.0
B;200-500;<50;>5000;0.0;0.0;0.0
B;200-500;50-100;<50;0.0;0.0;0.0
B;200-500;50-100;50-100;0.0;0.0;0.0
B;200-500;50-100;100-200;0.0;0.0;0.0
B;200-500;50-100;200-500;55.29;0.59;11.15
B;200-500;50-100;500-1000;0.0;0.0;0.0
B;200-500;50-100;1000-5000;0.0;0.0;0.0
B;200-500;50-100;>5000;0.0;0.0;0.0
B;200-500;100-200;<50;0.0;0.0;0.0
B;200-500;100-200;50-100;39.48;2.5;14.61
B;200-500;100-200;100-200;106.57;22.06;23.89
B;200-500;100-200;200-500;76.02;5.33;16.29
B;200-500;100-200;500-1000;80.16;7.5;16.88
B;200-500;100-200;1000-5000;74.03;0.0;14.81
B;200-500;100-200;>5000;0.0;0.0;0.0
B;200-500;200-500;<50;36.49;7.16;8.37
B;200-500;200-500;50-100;93.55;4.26;18.34
B;200-500;200-500;100-200;95.52;6.44;19.03
B;200-500;200-500;200-500;103.84;12.46;22.13
B;200-500;200-500;500-1000;108.22;4.18;22.24
B;200-500;200-500;1000-5000;0.0;0.0;0.0
B;200-500;200-500;>5000;0.0;0.0;0.0
B;200-500;500-1000;<50;79.94;14.56;17.1
B;200-500;500-1000;50-100;71.36;10.94;15.02
B;200-500;500-1000;100-200;72.12;8.6;14.97
B;200-500;500-1000;200-500;87.56;13.1;18.06
B;200-500;500-1000;500-1000;125.24;23.0;25.38
B;200-500;500-1000;1000-5000;180.76;16.23;36.62
B;200-500;500-1000;>5000;0.0;0.0;0.0
B;200-500;1000-5000;<50;81.95;16.73;17.86
B;200-500;1000-5000;50-100;52.94;7.32;10.98
B;200-500;1000-5000;100-200;52.18;10.85;11.11
B;200-500;1000-5000;200-500;86.21;10.23;17.43
B;200-500;1000-5000;500-1000;115.67;21.54;23.26
B;200-500;1000-5000;1000-5000;141.6;24.75;28.64
B;200-500;1000-5000;>5000;0.0;0.0;0.0
B;200-500;5000-10000;<50;0.0;0.0;0.0
B;200-500;5000-10000;50-100;0.0;0.0;0.0
B;200-500;5000-10000;100-200;0.0;0.0;0.0
B;200-500;5000-10000;200-500;0.0;0.0;0.0
B;200-500;5000-10000;500-1000;0.0;0.0;0.0
B;200-500;5000-10000;1000-5000;0.0;0.0;0.0
B;200-500;5000-10000;>5000;0.0;0.0;0.0
B;200-500;>10000;<50;0.0;0.0;0.0
B;200-500;>10000;50-100;0.0;0.0;0.0
B;200-500;>10000;100-200;0.0;0.0;0.0
B;200-500;>10000;200-500;0.0;0.0;0.0
B;200-500;>10000;500-1000;0.0;0.0;0.0
B;200-500;>10000;1000-5000;0.0;0.0;0.0
B;200-500;>10000;>5000;0.0;0.0;0.0
B;500-1000;<50;<50;0.0;0.0;0.0
B;500-1000;<50;50-100;0.0;0.0;0.0
B;500-1000;<50;100-200;0.0;0.0;0.0
B;500-1000;<50;200-500;0.0;0.0;0.0
B;500-1000;<50;500-1000;0.0;0.0;0.0
B;500-1000;<50;1000-5000;0.0;0.0;0.0
B;500-1000;<50;>5000;0.0;0.0;0.0
B;500-1000;50-100;<50;0.0;0.0;0.0
B;500-1000;50-100;50-100;0.0;0.0;0.0
B;500-1000;50-100;100-200;0.0;0.0;0.0
B;500-1000;50-100;200-500;0.0;0.0;0.0
B;500-1000;50-100;500-1000;0.0;0.0;0.0
B;500-1000;50-100;1000-5000;0.0;0.0;0.0
B;500-1000;50-100;>5000;0.0;0.0;0.0
B;500-1000;100-200;<50;0.0;0.0;0.0
B;500-1000;100-200;50-100;0.0;0.0;0.0
B;500-1000;100-200;100-200;0.0;0.0;0.0
B;500-1000;100-200;200-500;0.0;0.0;0.0
B;500-1000;100-200;500-1000;0.0;0.0;0.0
B;500-1000;100-200;1000-5000;0.0;0.0;0.0
B;500-1000;100-200;>5000;0.0;0.0;0.0
B;500-1000;200-500;<50;0.0;0.0;0.0
B;500-1000;200-500;50-100;0.0;0.0;0.0
B;500-1000;200-500;100-200;25.23;9.61;5.57
B;500-1000;200-500;200-500;42.97;2.54;8.82
B;500-1000;200-500;500-1000;51.92;6.03;11.28
B;500-1000;200-500;1000-5000;0.0;0.0;0.0
B;500-1000;200-500;>5000;0.0;0.0;0.0
B;500-1000;500-1000;<50;0.0;0.0;0.0
B;500-1000;500-1000;50-100;0.0;0.0;0.0
B;500-1000;500-1000;100-200;0.0;0.0;0.0
B;500-1000;500-1000;200-500;34.72;0.09;6.96
B;500-1000;500-1000;500-1000;132.68;1.03;26.69
B;500-1000;500-1000;1000-5000;0.0;0.0;0.0
B;500-1000;500-1000;>5000;0.0;0.0;0.0
B;500-1000;1000-5000;<50;52.29;4.75;12.09
B;500-1000;1000-5000;50-100;67.3;11.78;14.31
B;500-1000;1000-5000;100-200;41.54;8.56;8.8
B;500-1000;1000-5000;200-500;44.95;4.17;9.16
B;500-1000;1000-5000;500-1000;87.32;16.1;17.71
B;500-1000;1000-5000;1000-5000;93.98;16.34;18.28
B;500-1000;1000-5000;>5000;0.0;0.0;0.0
B;500-1000;5000-10000;<50;0.0;0.0;0.0
B;500-1000;5000-10000;50-100;0.0;0.0;0.0
B;500-1000;5000-10000;100-200;0.0;0.0;0.0
B;500-1000;5000-10000;200-500;0.0;0.0;0.0
B;500-1000;5000-10000;500-1000;0.0;0.0;0.0
B;500-1000;5000-10000;1000-5000;0.0;0.0;0.0
B;500-1000;5000-10000;>5000;0.0;0.0;0.0
B;500-1000;>10000;<50;0.0;0.0;0.0
B;500-1000;>10000;50-100;0.0;0.0;0.0
B;500-1000;>10000;100-200;0.0;0.0;0.0
B;500-1000;>10000;200-500;0.0;0.0;0.0
B;500-1000;>10000;500-1000;0.0;0.0;0.0
B;500-1000;>10000;1000-5000;0.0;0.0;0.0
B;500-1000;>10000;>5000;0.0;0.0;0.0
B;1000-5000;<50;<50;0.0;0.0;0.0
B;1000-5000;<50;50-100;0.0;0.0;0.0
B;1000-5000;<50;100-200;0.0;0.0;0.0
B;1000-5000;<50;200-500;0.0;0.0;0.0
B;1000-5000;<50;500-1000;0.0;0.0;0.0
B;1000-5000;<50;1000-5000;0.0;0.0;0.0
B;1000-5000;<50;>5000;0.0;0.0;0.0
B;1000-5000;50-100;<50;0.0;0.0;0.0
B;1000-5000;50-100;50-100;0.0;0.0;0.0
B;1000-5000;50-100;100-200;0.0;0.0;0.0
B;1000-5000;50-100;200-500;0.0;0.0;0.0
B;1000-5000;50-100;500-1000;0.0;0.0;0.0
B;1000-5000;50-100;1000-5000;0.0;0.0;0.0
B;1000-5000;50-100;>5000;0.0;0.0;0.0
B;1000-5000;100-200;<50;0.0;0.0;0.0
B;1000-5000;100-200;50-100;0.0;0.0;0.0
B;1000-5000;100-200;100-200;0.0;0.0;0.0
B;1000-5000;100-200;200-500;0.0;0.0;0.0
B;1000-5000;100-200;500-1000;0.0;0.0;0.0
B;1000-5000;100-200;1000-5000;0.0;0.0;0.0
B;1000-5000;100-200;>5000;0.0;0.0;0.0
B;1000-5000;200-500;<50;0.0;0.0;0.0
B;1000-5000;200-500;50-100;0.0;0.0;0.0
B;1000-5000;200-500;100-200;0.0;0.0;0.0
B;1000-5000;200-500;200-500;0.0;0.0;0.0
B;1000-5000;200-500;500-1000;0.0;0.0;0.0
B;1000-5000;200-500;1000-5000;0.0;0.0;0.0
B;1000-5000;200-500;>5000;0.0;0.0;0.0
B;1000-5000;500-1000;<50;0.0;0.0;0.0
B;1000-5000;500-1000;50-100;0.0;0.0;0.0
B;1000-5000;500-1000;100-200;0.0;0.0;0.0
B;1000-5000;500-1000;200-500;0.0;0.0;0.0
B;1000-5000;500-1000;500-1000;0.0;0.0;0.0
B;1000-5000;500-1000;1000-5000;0.0;0.0;0.0
B;1000-5000;500-1000;>5000;0.0;0.0;0.0
B;1000-5000;1000-5000;<50;0.0;0.0;0.0
B;1000-5000;1000-5000;50-100;0.0;0.0;0.0
B;1000-5000;1000-5000;100-200;0.0;0.0;0.0
B;1000-5000;1000-5000;200-500;0.0;0.0;0.0
B;1000-5000;1000-5000;500-1000;0.0;0.0;0.0
B;1000-5000;1000-5000;1000-5000;0.0;0.0;0.0
B;1000-5000;1000-5000;>5000;0.0;0.0;0.0
B;1000-5000;5000-10000;<50;0.0;0.0;0.0
B;1000-5000;5000-10000;50-100;0.0;0.0;0.0
B;1000-5000;5000-10000;100-200;0.0;0.0;0.0
B;1000-5000;5000-10000;200-500;0.0;0.0;0.0
B;1000-5000;5000-10000;500-1000;0.0;0.0;0.0
B;1000-5000;5000-10000;1000-5000;0.0;0.0;0.0
B;1000-5000;5000-10000;>5000;0.0;0.0;0.0
B;1000-5000;>10000;<50;0.0;0.0;0.0
B;1000-5000;>10000;50-100;0.0;0.0;0.0
B;1000-5000;>10000;100-200;0.0;0.0;0.0
B;1000-5000;>10000;200-500;0.0;0.0;0.0
B;1000-5000;>10000;500-1000;0.0;0.0;0.0
B;1000-5000;>10000;1000-5000;0.0;0.0;0.0
B;1000-5000;>10000;>5000;0.0;0.0;0.0
B;>5000;<50;<50;0.0;0.0;0.0
B;>5000;<50;50-100;0.0;0.0;0.0
B;>5000;<50;100-200;0.0;0.0;0.0
B;>5000;<50;200-500;0.0;0.0;0.0
B;>5000;<50;500-1000;0.0;0.0;0.0
B;>5000;<50;1000-5000;0.0;0.0;0.0
B;>5000;<50;>5000;0.0;0.0;0.0
B;>5000;50-100;<50;0.0;0.0;0.0
B;>5000;50-100;50-100;0.0;0.0;0.0
B;>5000;50-100;100-200;0.0;0.0;0.0
B;>5000;50-100;200-500;0.0;0.0;0.0
B;>5000;50-100;500-1000;0.0;0.0;0.0
B;>5000;50-100;1000-5000;0.0;0.0;0.0
B;>5000;50-100;>5000;0.0;0.0;0.0
B;>5000;100-200;<50;0.0;0.0;0.0
B;>5000;100-200;50-100;0.0;0.0;0.0
B;>5000;100-200;100-200;0.0;0.0;0.0
B;>5000;100-200;200-500;0.0;0.0;0.0
B;>5000;100-200;500-1000;0.0;0.0;0.0
B;>5000;100-200;1000-5000;0.0;0.0;0.0
B;>5000;100-200;>5000;0.0;0.0;0.0
B;>5000;200-500;<50;0.0;0.0;0.0
B;>5000;200-500;50-100;0.0;0.0;0.0
B;>5000;200-500;100-200;0.0;0.0;0.0
B;>5000;200-500;200-500;0.0;0.0;0.0
B;>5000;200-500;500-1000;0.0;0.0;0.0
B;>5000;200-500;1000-5000;0.0;0.0;0.0
B;>5000;200-500;>5000;0.0;0.0;0.0
B;>5000;500-1000;<50;0.0;0.0;0.0
B;>5000;500-1000;50-100;0.0;0.0;0.0
B;>5000;500-1000;100-200;0.0;0.0;0.0
B;>5000;500-1000;200-500;0.0;0.0;0.0
B;>5000;500-1000;500-1000;0.0;0.0;0.0
B;>5000;500-1000;1000-5000;0.0;0.0;0.0
B;>5000;500-1000;>5000;0.0;0.0;0.0
B;>5000;1000-5000;<50;0.0;0.0;0.0
B;>5000;1000-5000;50-100;0.0;0.0;0.0
B;>5000;1000-5000;100-200;0.0;0.0;0.0
B;>5000;1000-5000;200-500;0.0;0.0;0.0
B;>5000;1000-5000;500-1000;0.0;0.0;0.0
B;>5000;1000-5000;1000-5000;0.0;0.0;0.0
B;>5000;1000-5000;>5000;0.0;0.0;0.0
B;>5000;5000-10000;<50;0.0;0.0;0.0
B;>5000;5000-10000;50-100;0.0;0.0;0.0
B;>5000;5000-10000;100-200;0.0;0.0;0.0
B;>5000;5000-10000;200-500;0.0;0.0;0.0
B;>5000;5000-10000;500-1000;0.0;0.0;0.0
B;>5000;5000-10000;1000-5000;0.0;0.0;0.0
B;>5000;5000-10000;>5000;0.0;0.0;0.0
B;>5000;>10000;<50;0.0;0.0;0.0
B;>5000;>10000;50-100;0.0;0.0;0.0
B;>5000;>10000;100-200;0.0;0.0;0.0
B;>5000;>10000;200-500;0.0;0.0;0.0
B;>5000;>10000;500-1000;0.0;0.0;0.0
B;>5000;>10000;1000-5000;0.0;0.0;0.0
B;>5000;>10000;>5000;0.0;0.0;0.0
C;<50;<50;<50;0.0;0.0;0.0
C;<50;<50;50-100;0.0;0.0;0.0
C;<50;<50;100-200;0.0;0.0;0.0
C;<50;<50;200-500;0.0;0.0;0.0
C;<50;<50;500-1000;0.0;0.0;0.0
C;<50;<50;1000-5000;0.0;0.0;0.0
C;<50;<50;>5000;0.0;0.0;0.0
C;<50;50-100;<50;162.42;18.88;33.39
C;<50;50-100;50-100;219.87;21.42;44.39
C;<50;50-100;100-200;296.75;18.39;58.89
C;<50;50-100;200-500;330.87;14.04;66.8
C;<50;50-100;500-1000;159.53;7.65;31.02
C;<50;50-100;1000-5000;0.0;0.0;0.0
C;<50;50-100;>5000;0.0;0.0;0.0
C;<50;100-200;<50;124.77;15.34;25.78
C;<50;100-200;50-100;141.23;17.31;28.87
C;<50;100-200;100-200;203.54;21.86;41.05
C;<50;100-200;200-500;269.25;21.6;53.88
C;<50;100-200;500-1000;319.38;26.59;64.24
C;<50;100-200;1000-5000;341.31;7.52;82.82
C;<50;100-200;>5000;0.0;0.0;0.0
C;<50;200-500;<50;136.87;17.29;28.24
C;<50;200-500;50-100;140.95;16.01;28.67
C;<50;200-500;100-200;189.24;20.96;38.09
C;<50;200-500;200-500;274.02;21.47;54.52
C;<50;200-500;500-1000;338.76;9.53;68.25
C;<50;200-500;1000-5000;0.0;0.0;0.0
C;<50;200-500;>5000;0.0;0.0;0.0
C;<50;500-1000;<50;144.72;6.84;29.96
C;<50;500-1000;50-100;182.84;2.81;35.81
C;<50;500-1000;100-200;211.61;9.33;43.46
C;<50;500-1000;200-500;375.48;17.49;76.31
C;<50;500-1000;500-1000;229.36;25.51;47.15
C;<50;500-1000;1000-5000;160.63;10.8;30.01
C;<50;500-1000;>5000;0.0;0.0;0.0
C;<50;1000-5000;<50;287.21;2.41;57.8
C;<50;1000-5000;50-100;121.96;58.72;28.73
C;<50;1000-5000;100-200;127.51;43.02;27.31
C;<50;1000-5000;200-500;195.28;10.91;43.02
C;<50;1000-5000;500-1000;345.87;3.27;69.07
C;<50;1000-5000;1000-5000;167.31;73.17;34.68
C;<50;1000-5000;>5000;0.0;0.0;0.0
C;<50;5000-10000;<50;0.0;0.0;0.0
C;<50;5000-10000;50-100;0.0;0.0;0.0
C;<50;5000-10000;100-200;0.0;0.0;0.0
C;<50;5000-10000;200-500;0.0;0.0;0.0
C;<50;5000-10000;500-1000;0.0;0.0;0.0
C;<50;5000-10000;1000-5000;0.0;0.0;0.0
C;<50;5000-10000;>5000;0.0;0.0;0.0
C;<50;>10000;<50;0.0;0.0;0.0
C;<50;>10000;50-100;0.0;0.0;0.0
C;<50;>10000;100-200;0.0;0.0;0.0
C;<50;>10000;200-500;0.0;0.0;0.0
C;<50;>10000;500-1000;0.0;0.0;0.0
C;<50;>10000;1000-5000;0.0;0.0;0.0
C;<50;>10000;>5000;0.0;0.0;0.0
C;50-100;<50;<50;0.0;0.0;0.0
C;50-100;<50;50-100;0.0;0.0;0.0
C;50-100;<50;100-200;0.0;0.0;0.0
C;50-100;<50;200-500;0.0;0.0;0.0
C;50-100;<50;500-1000;0.0;0.0;0.0
C;50-100;<50;1000-5000;0.0;0.0;0.0
C;50-100;<50;>5000;0.0;0.0;0.0
C;50-100;50-100;<50;135.74;7.98;26.87
C;50-100;50-100;50-100;163.43;8.39;32.25
C;50-100;50-100;100-200;151.84;16.41;32.71
C;50-100;50-100;200-500;217.94;16.92;43.96
C;50-100;50-100;500-1000;323.28;4.02;64.3
C;50-100;50-100;1000-5000;125.42;5.06;24.25
C;50-100;50-100;>5000;0.0;0.0;0.0
C;50-100;100-200;<50;113.32;13.45;23.31
C;50-100;100-200;50-100;127.53;11.53;25.74
C;50-100;100-200;100-200;159.53;16.07;32.46
C;50-100;100-200;200-500;221.55;20.26;45.27
C;50-100;100-200;500-1000;235.67;32.19;49.58
C;50-100;100-200;1000-5000;144.05;0.28;27.05
C;50-100;100-200;>5000;0.0;0.0;0.0
C;50-100;200-500;<50;104.2;9.67;21.36
C;50-100;200-500;50-100;105.84;9.29;21.52
C;50-100;200-500;100-200;132.12;12.79;26.62
C;50-100;200-500;200-500;195.11;18.25;39.1
C;50-100;200-500;500-1000;308.01;17.84;61.97
C;50-100;200-500;1000-5000;308.42;10.85;58.8
C;50-100;200-500;>5000;0.0;0.0;0.0
C;50-100;500-1000;<50;127.4;10.45;26.42
C;50-100;500-1000;50-100;162.33;7.83;32.98
C;50-100;500-1000;100-200;153.05;11.06;31.01
C;50-100;500-1000;200-500;227.88;19.57;45.98
C;50-100;500-1000;500-1000;298.44;22.27;60.07
C;50-100;500-1000;1000-5000;323.95;21.28;64.51
C;50-100;500-1000;>5000;0.0;0.0;0.0
C;50-100;1000-5000;<50;83.85;10.02;18.26
C;50-100;1000-5000;50-100;222.36;16.39;46.55
C;50-100;1000-5000;100-200;176.16;26.39;36.28
C;50-100;1000-5000;200-500;276.11;19.35;56.44
C;50-100;1000-5000;500-1000;382.73;12.13;77.67
C;50-100;1000-5000;1000-5000;168.42;11.7;32.25
C;50-100;1000-5000;>5000;0.0;0.0;0.0
C;50-100;5000-10000;<50;0.0;0.0;0.0
C;50-100;5000-10000;50-100;0.0;0.0;0.0
C;50-100;5000-10000;100-200;0.0;0.0;0.0
C;50-100;5000-10000;200-500;0.0;0.0;0.0
C;50-100;5000-10000;500-1000;0.0;0.0;0.0
C;50-100;5000-10000;1000-5000;0.0;0.0;0.0
C;50-100;5000-10000;>5000;0.0;0.0;0.0
C;50-100;>10000;<50;0.0;0.0;0.0
C;50-100;>10000;50-100;0.0;0.0;0.0
C;50-100;>10000;100-200;0.0;0.0;0.0
C;50-100;>10000;200-500;0.0;0.0;0.0
C;50-100;>10000;500-1000;0.0;0.0;0.0
C;50-100;>10000;1000-5000;0.0;0.0;0.0
C;50-100;>10000;>5000;0.0;0.0;0.0
C;100-200;<50;<50;0.0;0.0;0.0
C;100-200;<50;50-100;0.0;0.0;0.0
C;100-200;<50;100-200;0.0;0.0;0.0
C;100-200;<50;200-500;0.0;0.0;0.0
C;100-200;<50;500-1000;0.0;0.0;0.0
C;100-200;<50;1000-5000;0.0;0.0;0.0
C;100-200;<50;>5000;0.0;0.0;0.0
C;100-200;50-100;<50;165.19;13.23;30.78
C;100-200;50-100;50-100;213.9;23.76;42.31
C;100-200;50-100;100-200;109.43;13.36;21.92
C;100-200;50-100;200-500;170.82;16.51;35.68
C;100-200;50-100;500-1000;85.36;0.74;16.82
C;100-200;50-100;1000-5000;87.93;0.0;16.49
C;100-200;50-100;>5000;0.0;0.0;0.0
C;100-200;100-200;<50;139.8;8.18;26.96
C;100-200;100-200;50-100;120.86;9.77;23.16
C;100-200;100-200;100-200;135.02;9.63;26.95
C;100-200;100-200;200-500;163.87;14.3;34.28
C;100-200;100-200;500-1000;155.84;8.64;31.68
C;100-200;100-200;1000-5000;0.0;0.0;0.0
C;100-200;100-200;>5000;0.0;0.0;0.0
C;100-200;200-500;<50;105.38;11.59;21.66
C;100-200;200-500;50-100;90.58;6.04;18.34
C;100-200;200-500;100-200;104.42;7.53;21.01
C;100-200;200-500;200-500;157.11;15.76;31.6
C;100-200;200-500;500-1000;234.69;20.92;47.55
C;100-200;200-500;1000-5000;318.67;15.62;63.96
C;100-200;200-500;>5000;0.0;0.0;0.0
C;100-200;500-1000;<50;101.64;9.53;20.65
C;100-200;500-1000;50-100;90.93;6.6;18.58
C;100-200;500-1000;100-200;101.17;7.76;20.5
C;100-200;500-1000;200-500;146.46;16.92;29.44
C;100-200;500-1000;500-1000;188.53;24.56;37.86
C;100-200;500-1000;1000-5000;292.92;20.53;59.07
C;100-200;500-1000;>5000;0.0;0.0;0.0
C;100-200;1000-5000;<50;79.47;5.35;16.61
C;100-200;1000-5000;50-100;84.65;6.54;17.67
C;100-200;1000-5000;100-200;156.51;11.05;32.44
C;100-200;1000-5000;200-500;175.91;16.68;36.24
C;100-200;1000-5000;500-1000;226.37;29.41;46.4
C;100-200;1000-5000;1000-5000;293.78;25.6;59.48
C;100-200;1000-5000;>5000;0.0;0.0;0.0
C;100-200;5000-10000;<50;0.0;0.0;0.0
C;100-200;5000-10000;50-100;0.0;0.0;0.0
C;100-200;5000-10000;100-200;0.0;0.0;0.0
C;100-200;5000-10000;200-500;0.0;0.0;0.0
C;100-200;5000-10000;500-1000;0.0;0.0;0.0
C;100-200;5000-10000;1000-5000;0.0;0.0;0.0
C;100-200;5000-10000;>5000;0.0;0.0;0.0
C;100-200;>10000;<50;0.0;0.0;0.0
C;100-200;>10000;50-100;0.0;0.0;0.0
C;100-200;>10000;100-200;0.0;0.0;0.0
C;100-200;>10000;200-500;0.0;0.0;0.0
C;100-200;>10000;500-1000;0.0;0.0;0.0
C;100-200;>10000;1000-5000;0.0;0.0;0.0
C;100-200;>10000;>5000;0.0;0.0;0.0
C;200-500;<50;<50;0.0;0.0;0.0
C;200-500;<50;50-100;0.0;0.0;0.0
C;200-500;<50;100-200;0.0;0.0;0.0
C;200-500;<50;200-500;0.0;0.0;0.0
C;200-500;<50;500-1000;0.0;0.0;0.0
C;200-500;<50;1000-5000;0.0;0.0;0.0
C;200-500;<50;>5000;0.0;0.0;0.0
C;200-500;50-100;<50;0.0;0.0;0.0
C;200-500;50-100;50-100;0.0;0.0;0.0
C;200-500;50-100;100-200;237.15;48.42;51.03
C;200-500;50-100;200-500;91.1;1.12;50.06
C;200-500;50-100;500-1000;425.95;0.0;25.74
C;200-500;50-100;1000-5000;0.0;0.0;0.0
C;200-500;50-100;>5000;0.0;0.0;0.0
C;200-500;100-200;<50;0.0;0.0;0.0
C;200-500;100-200;50-100;102.58;1.17;20.13
C;200-500;100-200;100-200;101.02;4.14;20.18
C;200-500;100-200;200-500;92.02;44.39;24.66
C;200-500;100-200;500-1000;197.37;0.08;39.96
C;200-500;100-200;1000-5000;400.15;0.47;75.11
C;200-500;100-200;>5000;0.0;0.0;0.0
C;200-500;200-500;<50;57.72;4.73;11.9
C;200-500;200-500;50-100;84.01;1.62;16.44
C;200-500;200-500;100-200;101.96;3.89;20.99
C;200-500;200-500;200-500;102.28;18.42;21.17
C;200-500;200-500;500-1000;174.66;9.66;36.32
C;200-500;200-500;1000-5000;159.19;7.26;32.57
C;200-500;200-500;>5000;0.0;0.0;0.0
C;200-500;500-1000;<50;84.77;7.13;17.21
C;200-500;500-1000;50-100;91.81;11.94;19.16
C;200-500;500-1000;100-200;88.93;7.18;18.04
C;200-500;500-1000;200-500;106.51;13.08;21.52
C;200-500;500-1000;500-1000;140.9;23.19;28.48
C;200-500;500-1000;1000-5000;204.46;21.09;41.94
C;200-500;500-1000;>5000;0.0;0.0;0.0
C;200-500;1000-5000;<50;68.32;5.34;13.82
C;200-500;1000-5000;50-100;96.81;18.34;20.56
C;200-500;1000-5000;100-200;80.07;7.65;16.51
C;200-500;1000-5000;200-500;102.54;11.49;20.67
C;200-500;1000-5000;500-1000;131.34;22.35;26.41
C;200-500;1000-5000;1000-5000;167.46;23.48;33.68
C;200-500;1000-5000;>5000;0.0;0.0;0.0
C;200-500;5000-10000;<50;0.0;0.0;0.0
C;200-500;5000-10000;50-100;0.0;0.0;0.0
C;200-500;5000-10000;100-200;0.0;0.0;0.0
C;200-500;5000-10000;200-500;0.0;0.0;0.0
C;200-500;5000-10000;500-1000;0.0;0.0;0.0
C;200-500;5000-10000;1000-5000;0.0;0.0;0.0
C;200-500;5000-10000;>5000;0.0;0.0;0.0
C;200-500;>10000;<50;0.0;0.0;0.0
C;200-500;>10000;50-100;0.0;0.0;0.0
C;200-500;>10000;100-200;0.0;0.0;0.0
C;200-500;>10000;200-500;0.0;0.0;0.0
C;200-500;>10000;500-1000;0.0;0.0;0.0
C;200-500;>10000;1000-5000;0.0;0.0;0.0
C;200-500;>10000;>5000;0.0;0.0;0.0
C;500-1000;<50;<50;0.0;0.0;0.0
C;500-1000;<50;50-100;0.0;0.0;0.0
C;500-1000;<50;100-200;0.0;0.0;0.0
C;500-1000;<50;200-500;0.0;0.0;0.0
C;500-1000;<50;500-1000;0.0;0.0;0.0
C;500-1000;<50;1000-5000;0.0;0.0;0.0
C;500-1000;<50;>5000;0.0;0.0;0.0
C;500-1000;50-100;<50;0.0;0.0;0.0
C;500-1000;50-100;50-100;0.0;0.0;0.0
C;500-1000;50-100;100-200;0.0;0.0;0.0
C;500-1000;50-100;200-500;0.0;0.0;0.0
C;500-1000;50-100;500-1000;0.0;0.0;0.0
C;500-1000;50-100;1000-5000;0.0;0.0;0.0
C;500-1000;50-100;>5000;0.0;0.0;0.0
C;500-1000;100-200;<50;0.0;0.0;0.0
C;500-1000;100-200;50-100;0.0;0.0;0.0
C;500-1000;100-200;100-200;0.0;0.0;0.0
C;500-1000;100-200;200-500;0.0;0.0;0.0
C;500-1000;100-200;500-1000;0.0;0.0;0.0
C;500-1000;100-200;1000-5000;0.0;0.0;0.0
C;500-1000;100-200;>5000;0.0;0.0;0.0
C;500-1000;200-500;<50;0.0;0.0;0.0
C;500-1000;200-500;50-100;90.27;0.45;17.0
C;500-1000;200-500;100-200;66.45;6.71;14.1
C;500-1000;200-500;200-500;38.92;2.54;8.16
C;500-1000;200-500;500-1000;32.69;3.15;7.01
C;500-1000;200-500;1000-5000;129.77;1.15;26.12
C;500-1000;200-500;>5000;0.0;0.0;0.0
C;500-1000;500-1000;<50;0.0;0.0;0.0
C;500-1000;500-1000;50-100;0.0;0.0;0.0
C;500-1000;500-1000;100-200;49.06;7.36;10.36
C;500-1000;500-1000;200-500;40.33;13.38;8.63
C;500-1000;500-1000;500-1000;39.62;0.0;7.93
C;500-1000;500-1000;1000-5000;0.0;0.0;0.0
C;500-1000;500-1000;>5000;0.0;0.0;0.0
C;500-1000;1000-5000;<50;61.31;10.56;13.67
C;500-1000;1000-5000;50-100;46.15;13.76;9.76
C;500-1000;1000-5000;100-200;43.58;3.6;9.06
C;500-1000;1000-5000;200-500;64.19;7.01;13.03
C;500-1000;1000-5000;500-1000;82.65;10.68;16.83
C;500-1000;1000-5000;1000-5000;113.68;14.86;23.08
C;500-1000;1000-5000;>5000;0.0;0.0;0.0
C;500-1000;5000-10000;<50;0.0;0.0;0.0
C;500-1000;5000-10000;50-100;0.0;0.0;0.0
C;500-1000;5000-10000;100-200;0.0;0.0;0.0
C;500-1000;5000-10000;200-500;0.0;0.0;0.0
C;500-1000;5000-10000;500-1000;0.0;0.0;0.0
C;500-1000;5000-10000;1000-5000;0.0;0.0;0.0
C;500-1000;5000-10000;>5000;0.0;0.0;0.0
C;500-1000;>10000;<50;0.0;0.0;0.0
C;500-1000;>10000;50-100;0.0;0.0;0.0
C;500-1000;>10000;100-200;0.0;0.0;0.0
C;500-1000;>10000;200-500;0.0;0.0;0.0
C;500-1000;>10000;500-1000;0.0;0.0;0.0
C;500-1000;>10000;1000-5000;0.0;0.0;0.0
C;500-1000;>10000;>5000;0.0;0.0;0.0
C;1000-5000;<50;<50;0.0;0.0;0.0
C;1000-5000;<50;50-100;0.0;0.0;0.0
C;1000-5000;<50;100-200;0.0;0.0;0.0
C;1000-5000;<50;200-500;0.0;0.0;0.0
C;1000-5000;<50;500-1000;0.0;0.0;0.0
C;1000-5000;<50;1000-5000;0.0;0.0;0.0
C;1000-5000;<50;>5000;0.0;0.0;0.0
C;1000-5000;50-100;<50;0.0;0.0;0.0
C;1000-5000;50-100;50-100;0.0;0.0;0.0
C;1000-5000;50-100;100-200;0.0;0.0;0.0
C;1000-5000;50-100;200-500;0.0;0.0;0.0
C;1000-5000;50-100;500-1000;0.0;0.0;0.0
C;1000-5000;50-100;1000-5000;0.0;0.0;0.0
C;1000-5000;50-100;>5000;0.0;0.0;0.0
C;1000-5000;100-200;<50;0.0;0.0;0.0
C;1000-5000;100-200;50-100;0.0;0.0;0.0
C;1000-5000;100-200;100-200;0.0;0.0;0.0
C;1000-5000;100-200;200-500;0.0;0.0;0.0
C;1000-5000;100-200;500-1000;0.0;0.0;0.0
C;1000-5000;100-200;1000-5000;0.0;0.0;0.0
C;1000-5000;100-200;>5000;0.0;0.0;0.0
C;1000-5000;200-500;<50;0.0;0.0;0.0
C;1000-5000;200-500;50-100;0.0;0.0;0.0
C;1000-5000;200-500;100-200;0.0;0.0;0.0
C;1000-5000;200-500;200-500;0.0;0.0;0.0
C;1000-5000;200-500;500-1000;0.0;0.0;0.0
C;1000-5000;200-500;1000-5000;0.0;0.0;0.0
C;1000-5000;200-500;>5000;0.0;0.0;0.0
C;1000-5000;500-1000;<50;0.0;0.0;0.0
C;1000-5000;500-1000;50-100;0.0;0.0;0.0
C;1000-5000;500-1000;100-200;0.0;0.0;0.0
C;1000-5000;500-1000;200-500;0.0;0.0;0.0
C;1000-5000;500-1000;500-1000;0.0;0.0;0.0
C;1000-5000;500-1000;1000-5000;0.0;0.0;0.0
C;1000-5000;500-1000;>5000;0.0;0.0;0.0
C;1000-5000;1000-5000;<50;0.0;0.0;0.0
C;1000-5000;1000-5000;50-100;0.0;0.0;0.0
C;1000-5000;1000-5000;100-200;0.0;0.0;0.0
C;1000-5000;1000-5000;200-500;0.0;0.0;0.0
C;1000-5000;1000-5000;500-1000;0.0;0.0;0.0
C;1000-5000;1000-5000;1000-5000;0.0;0.0;0.0
C;1000-5000;1000-5000;>5000;0.0;0.0;0.0
C;1000-5000;5000-10000;<50;0.0;0.0;0.0
C;1000-5000;5000-10000;50-100;0.0;0.0;0.0
C;1000-5000;5000-10000;100-200;0.0;0.0;0.0
C;1000-5000;5000-10000;200-500;0.0;0.0;0.0
C;1000-5000;5000-10000;500-1000;0.0;0.0;0.0
C;1000-5000;5000-10000;1000-5000;0.0;0.0;0.0
C;1000-5000;5000-10000;>5000;0.0;0.0;0.0
C;1000-5000;>10000;<50;0.0;0.0;0.0
C;1000-5000;>10000;50-100;0.0;0.0;0.0
C;1000-5000;>10000;100-200;0.0;0.0;0.0
C;1000-5000;>10000;200-500;0.0;0.0;0.0
C;1000-5000;>10000;500-1000;0.0;0.0;0.0
C;1000-5000;>10000;1000-5000;0.0;0.0;0.0
C;1000-5000;>10000;>5000;0.0;0.0;0.0
C;>5000;<50;<50;0.0;0.0;0.0
C;>5000;<50;50-100;0.0;0.0;0.0
C;>5000;<50;100-200;0.0;0.0;0.0
C;>5000;<50;200-500;0.0;0.0;0.0
C;>5000;<50;500-1000;0.0;0.0;0.0
C;>5000;<50;1000-5000;0.0;0.0;0.0
C;>5000;<50;>5000;0.0;0.0;0.0
C;>5000;50-100;<50;0.0;0.0;0.0
C;>5000;50-100;50-100;0.0;0.0;0.0
C;>5000;50-100;100-200;0.0;0.0;0.0
C;>5000;50-100;200-500;0.0;0.0;0.0
C;>5000;50-100;500-1000;0.0;0.0;0.0
C;>5000;50-100;1000-5000;0.0;0.0;0.0
C;>5000;50-100;>5000;0.0;0.0;0.0
C;>5000;100-200;<50;0.0;0.0;0.0
C;>5000;100-200;50-100;0.0;0.0;0.0
C;>5000;100-200;100-200;0.0;0.0;0.0
C;>5000;100-200;200-500;0.0;0.0;0.0
C;>5000;100-200;500-1000;0.0;0.0;0.0
C;>5000;100-200;1000-5000;0.0;0.0;0.0
C;>5000;100-200;>5000;0.0;0.0;0.0
C;>5000;200-500;<50;0.0;0.0;0.0
C;>5000;200-500;50-100;0.0;0.0;0.0
C;>5000;200-500;100-200;0.0;0.0;0.0
C;>5000;200-500;200-500;0.0;0.0;0.0
C;>5000;200-500;500-1000;0.0;0.0;0.0
C;>5000;200-500;1000-5000;0.0;0.0;0.0
C;>5000;200-500;>5000;0.0;0.0;0.0
C;>5000;500-1000;<50;0.0;0.0;0.0
C;>5000;500-1000;50-100;0.0;0.0;0.0
C;>5000;500-1000;100-200;0.0;0.0;0.0
C;>5000;500-1000;200-500;0.0;0.0;0.0
C;>5000;500-1000;500-1000;0.0;0.0;0.0
C;>5000;500-1000;1000-5000;0.0;0.0;0.0
C;>5000;500-1000;>5000;0.0;0.0;0.0
C;>5000;1000-5000;<50;0.0;0.0;0.0
C;>5000;1000-5000;50-100;0.0;0.0;0.0
C;>5000;1000-5000;100-200;0.0;0.0;0.0
C;>5000;1000-5000;200-500;0.0;0.0;0.0
C;>5000;1000-5000;500-1000;0.0;0.0;0.0
C;>5000;1000-5000;1000-5000;0.0;0.0;0.0
C;>5000;1000-5000;>5000;0.0;0.0;0.0
C;>5000;5000-10000;<50;0.0;0.0;0.0
C;>5000;5000-10000;50-100;0.0;0.0;0.0
C;>5000;5000-10000;100-200;0.0;0.0;0.0
C;>5000;5000-10000;200-500;0.0;0.0;0.0
C;>5000;5000-10000;500-1000;0.0;0.0;0.0
C;>5000;5000-10000;1000-5000;0.0;0.0;0.0
C;>5000;5000-10000;>5000;0.0;0.0;0.0
C;>5000;>10000;<50;0.0;0.0;0.0
C;>5000;>10000;50-100;0.0;0.0;0.0
C;>5000;>10000;100-200;0.0;0.0;0.0
C;>5000;>10000;200-500;0.0;0.0;0.0
C;>5000;>10000;500-1000;0.0;0.0;0.0
C;>5000;>10000;1000-5000;0.0;0.0;0.0
C;>5000;>10000;>5000;0.0;0.0;0.0
D;<50;<50;<50;0.0;0.0;0.0
D;<50;<50;50-100;0.0;0.0;0.0
D;<50;<50;100-200;0.0;0.0;0.0
D;<50;<50;200-500;0.0;0.0;0.0
D;<50;<50;500-1000;0.0;0.0;0.0
D;<50;<50;1000-5000;0.0;0.0;0.0
D;<50;<50;>5000;0.0;0.0;0.0
D;<50;50-100;<50;180.58;18.05;36.78
D;<50;50-100;50-100;247.65;25.86;49.78
D;<50;50-100;100-200;329.53;28.22;65.4
D;<50;50-100;200-500;283.49;25.96;57.45
D;<50;50-100;500-1000;296.01;15.14;53.67
D;<50;50-100;1000-5000;234.5;186.21;53.77
D;<50;50-100;>5000;0.0;0.0;0.0
D;<50;100-200;<50;132.39;13.14;27.19
D;<50;100-200;50-100;155.69;16.14;31.4
D;<50;100-200;100-200;221.62;20.22;43.95
D;<50;100-200;200-500;286.07;22.05;56.19
D;<50;100-200;500-1000;270.14;13.53;53.03
D;<50;100-200;1000-5000;197.71;32.67;41.87
D;<50;100-200;>5000;0.0;0.0;0.0
D;<50;200-500;<50;123.92;14.05;25.35
D;<50;200-500;50-100;154.11;14.57;31.25
D;<50;200-500;100-200;211.7;18.49;41.87
D;<50;200-500;200-500;295.96;23.35;57.75
D;<50;200-500;500-1000;327.99;34.07;63.76
D;<50;200-500;1000-5000;411.75;2.73;77.61
D;<50;200-500;>5000;0.0;0.0;0.0
D;<50;500-1000;<50;74.64;5.84;13.72
D;<50;500-1000;50-100;201.27;21.27;41.84
D;<50;500-1000;100-200;244.4;15.62;48.75
D;<50;500-1000;200-500;379.42;12.87;76.38
D;<50;500-1000;500-1000;220.7;21.79;44.96
D;<50;500-1000;1000-5000;0.0;0.0;0.0
D;<50;500-1000;>5000;0.0;0.0;0.0
D;<50;1000-5000;<50;217.01;6.33;43.94
D;<50;1000-5000;50-100;223.02;3.91;44.53
D;<50;1000-5000;100-200;196.5;5.37;39.13
D;<50;1000-5000;200-500;333.49;12.17;68.06
D;<50;1000-5000;500-1000;280.21;2.09;56.0
D;<50;1000-5000;1000-5000;0.0;0.0;0.0
D;<50;1000-5000;>5000;0.0;0.0;0.0
D;<50;5000-10000;<50;0.0;0.0;0.0
D;<50;5000-10000;50-100;0.0;0.0;0.0
D;<50;5000-10000;100-200;0.0;0.0;0.0
D;<50;5000-10000;200-500;0.0;0.0;0.0
D;<50;5000-10000;500-1000;0.0;0.0;0.0
D;<50;5000-10000;1000-5000;0.0;0.0;0.0
D;<50;5000-10000;>5000;0.0;0.0;0.0
D;<50;>10000;<50;0.0;0.0;0.0
D;<50;>10000;50-100;0.0;0.0;0.0
D;<50;>10000;100-200;0.0;0.0;0.0
D;<50;>10000;200-500;0.0;0.0;0.0
D;<50;>10000;500-1000;0.0;0.0;0.0
D;<50;>10000;1000-5000;0.0;0.0;0.0
D;<50;>10000;>5000;0.0;0.0;0.0
D;50-100;<50;<50;0.0;0.0;0.0
D;50-100;<50;50-100;0.0;0.0;0.0
D;50-100;<50;100-200;0.0;0.0;0.0
D;50-100;<50;200-500;0.0;0.0;0.0
D;50-100;<50;500-1000;0.0;0.0;0.0
D;50-100;<50;1000-5000;0.0;0.0;0.0
D;50-100;<50;>5000;0.0;0.0;0.0
D;50-100;50-100;<50;196.43;5.72;39.67
D;50-100;50-100;50-100;151.36;8.58;30.52
D;50-100;50-100;100-200;189.54;9.14;38.51
D;50-100;50-100;200-500;185.04;12.79;36.53
D;50-100;50-100;500-1000;101.57;7.19;20.53
D;50-100;50-100;1000-5000;87.94;17.81;17.27
D;50-100;50-100;>5000;0.0;0.0;0.0
D;50-100;100-200;<50;121.32;10.22;24.87
D;50-100;100-200;50-100;141.67;9.83;28.66
D;50-100;100-200;100-200;184.08;13.96;37.02
D;50-100;100-200;200-500;242.79;18.91;49.06
D;50-100;100-200;500-1000;272.41;10.94;53.55
D;50-100;100-200;1000-5000;196.68;13.48;40.16
D;50-100;100-200;>5000;0.0;0.0;0.0
D;50-100;200-500;<50;111.95;8.2;22.85
D;50-100;200-500;50-100;118.54;8.14;24.03
D;50-100;200-500;100-200;155.15;10.54;30.85
D;50-100;200-500;200-500;214.71;17.17;42.27
D;50-100;200-500;500-1000;318.11;19.36;63.34
D;50-100;200-500;1000-5000;298.19;19.26;58.9
D;50-100;200-500;>5000;0.0;0.0;0.0
D;50-100;500-1000;<50;114.97;24.39;23.31
D;50-100;500-1000;50-100;138.71;8.72;27.99
D;50-100;500-1000;100-200;178.2;10.53;35.79
D;50-100;500-1000;200-500;267.79;19.22;53.47
D;50-100;500-1000;500-1000;320.06;32.35;64.32
D;50-100;500-1000;1000-5000;349.09;43.51;66.77
D;50-100;500-1000;>5000;0.0;0.0;0.0
D;50-100;1000-5000;<50;78.34;10.74;16.6
D;50-100;1000-5000;50-100;125.42;24.63;26.38
D;50-100;1000-5000;100-200;225.51;12.03;46.16
D;50-100;1000-5000;200-500;338.91;16.48;68.14
D;50-100;1000-5000;500-1000;402.13;11.09;81.79
D;50-100;1000-5000;1000-5000;293.64;37.09;61.29
D;50-100;1000-5000;>5000;0.0;0.0;0.0
D;50-100;5000-10000;<50;0.0;0.0;0.0
D;50-100;5000-10000;50-100;0.0;0.0;0.0
D;50-100;5000-10000;100-200;0.0;0.0;0.0
D;50-100;5000-10000;200-500;0.0;0.0;0.0
D;50-100;5000-10000;500-1000;0.0;0.0;0.0
D;50-100;5000-10000;1000-5000;0.0;0.0;0.0
D;50-100;5000-10000;>5000;0.0;0.0;0.0
D;50-100;>10000;<50;0.0;0.0;0.0
D;50-100;>10000;50-100;0.0;0.0;0.0
D;50-100;>10000;100-200;0.0;0.0;0.0
D;50-100;>10000;200-500;0.0;0.0;0.0
D;50-100;>10000;500-1000;0.0;0.0;0.0
D;50-100;>10000;1000-5000;0.0;0.0;0.0
D;50-100;>10000;>5000;0.0;0.0;0.0
D;100-200;<50;<50;0.0;0.0;0.0
D;100-200;<50;50-100;0.0;0.0;0.0
D;100-200;<50;100-200;0.0;0.0;0.0
D;100-200;<50;200-500;0.0;0.0;0.0
D;100-200;<50;500-1000;0.0;0.0;0.0
D;100-200;<50;1000-5000;0.0;0.0;0.0
D;100-200;<50;>5000;0.0;0.0;0.0
D;100-200;50-100;<50;218.3;5.15;44.54
D;100-200;50-100;50-100;183.64;2.02;38.42
D;100-200;50-100;100-200;111.33;1.77;21.37
D;100-200;50-100;200-500;171.32;15.75;34.16
D;100-200;50-100;500-1000;214.25;8.9;44.26
D;100-200;50-100;1000-5000;98.13;6.8;20.64
D;100-200;50-100;>5000;0.0;0.0;0.0
D;100-200;100-200;<50;128.88;8.11;25.68
D;100-200;100-200;50-100;130.89;6.94;25.93
D;100-200;100-200;100-200;148.54;8.6;30.64
D;100-200;100-200;200-500;196.25;11.27;39.49
D;100-200;100-200;500-1000;151.76;24.29;29.84
D;100-200;100-200;1000-5000;541.54;0.0;108.31
D;100-200;100-200;>5000;0.0;0.0;0.0
D;100-200;200-500;<50;111.89;7.49;22.7
D;100-200;200-500;50-100;102.66;6.08;20.77
D;100-200;200-500;100-200;123.96;7.07;24.75
D;100-200;200-500;200-500;178.61;16.51;35.53
D;100-200;200-500;500-1000;262.87;26.29;52.8
D;100-200;200-500;1000-5000;299.84;27.43;60.42
D;100-200;200-500;>5000;0.0;0.0;0.0
D;100-200;500-1000;<50;101.99;5.5;21.3
D;100-200;500-1000;50-100;103.59;6.36;21.06
D;100-200;500-1000;100-200;117.86;7.23;23.62
D;100-200;500-1000;200-500;165.55;19.37;32.94
D;100-200;500-1000;500-1000;209.17;32.63;41.66
D;100-200;500-1000;1000-5000;295.39;28.61;59.1
D;100-200;500-1000;>5000;0.0;0.0;0.0
D;100-200;1000-5000;<50;79.33;45.07;11.78
D;100-200;1000-5000;50-100;127.14;1.53;25.56
D;100-200;1000-5000;100-200;158.56;12.43;32.9
D;100-200;1000-5000;200-500;210.71;12.81;42.74
D;100-200;1000-5000;500-1000;293.34;27.45;59.41
D;100-200;1000-5000;1000-5000;323.63;25.7;64.58
D;100-200;1000-5000;>5000;0.0;0.0;0.0
D;100-200;5000-10000;<50;0.0;0.0;0.0
D;100-200;5000-10000;50-100;0.0;0.0;0.0
D;100-200;5000-10000;100-200;0.0;0.0;0.0
D;100-200;5000-10000;200-500;0.0;0.0;0.0
D;100-200;5000-10000;500-1000;0.0;0.0;0.0
D;100-200;5000-10000;1000-5000;0.0;0.0;0.0
D;100-200;5000-10000;>5000;0.0;0.0;0.0
D;100-200;>10000;<50;0.0;0.0;0.0
D;100-200;>10000;50-100;0.0;0.0;0.0
D;100-200;>10000;100-200;0.0;0.0;0.0
D;100-200;>10000;200-500;0.0;0.0;0.0
D;100-200;>10000;500-1000;0.0;0.0;0.0
D;100-200;>10000;1000-5000;0.0;0.0;0.0
D;100-200;>10000;>5000;0.0;0.0;0.0
D;200-500;<50;<50;0.0;0.0;0.0
D;200-500;<50;50-100;0.0;0.0;0.0
D;200-500;<50;100-200;0.0;0.0;0.0
D;200-500;<50;200-500;0.0;0.0;0.0
D;200-500;<50;500-1000;0.0;0.0;0.0
D;200-500;<50;1000-5000;0.0;0.0;0.0
D;200-500;<50;>5000;0.0;0.0;0.0
D;200-500;50-100;<50;237.31;0.37;47.52
D;200-500;50-100;50-100;83.35;1.99;25.34
D;200-500;50-100;100-200;159.09;0.0;29.83
D;200-500;50-100;200-500;94.89;0.89;18.85
D;200-500;50-100;500-1000;121.83;77.24;25.35
D;200-500;50-100;1000-5000;0.0;0.0;0.0
D;200-500;50-100;>5000;0.0;0.0;0.0
D;200-500;100-200;<50;118.02;11.53;22.64
D;200-500;100-200;50-100;119.83;11.93;24.96
D;200-500;100-200;100-200;102.53;18.2;19.21
D;200-500;100-200;200-500;122.42;3.5;26.29
D;200-500;100-200;500-1000;134.73;1.85;27.27
D;200-500;100-200;1000-5000;539.63;0.5;101.27
D;200-500;100-200;>5000;0.0;0.0;0.0
D;200-500;200-500;<50;83.4;15.77;17.16
D;200-500;200-500;50-100;120.07;15.4;24.45
D;200-500;200-500;100-200;114.98;9.46;22.98
D;200-500;200-500;200-500;140.75;12.51;29.42
D;200-500;200-500;500-1000;217.31;19.47;44.34
D;200-500;200-500;1000-5000;351.31;19.34;59.11
D;200-500;200-500;>5000;0.0;0.0;0.0
D;200-500;500-1000;<50;117.31;15.08;30.78
D;200-500;500-1000;50-100;96.94;8.12;19.13
D;200-500;500-1000;100-200;104.8;7.09;20.97
D;200-500;500-1000;200-500;129.1;14.51;25.75
D;200-500;500-1000;500-1000;162.89;29.82;32.71
D;200-500;500-1000;1000-5000;277.33;21.14;55.95
D;200-500;500-1000;>5000;0.0;0.0;0.0
D;200-500;1000-5000;<50;140.61;3.09;28.56
D;200-500;1000-5000;50-100;76.4;5.06;14.02
D;200-500;1000-5000;100-200;88.98;7.39;17.61
D;200-500;1000-5000;200-500;125.04;10.67;24.92
D;200-500;1000-5000;500-1000;156.74;26.1;31.55
D;200-500;1000-5000;1000-5000;192.54;26.66;38.61
D;200-500;1000-5000;>5000;0.0;0.0;0.0
D;200-500;5000-10000;<50;0.0;0.0;0.0
D;200-500;5000-10000;50-100;0.0;0.0;0.0
D;200-500;5000-10000;100-200;0.0;0.0;0.0
D;200-500;5000-10000;200-500;0.0;0.0;0.0
D;200-500;5000-10000;500-1000;0.0;0.0;0.0
D;200-500;5000-10000;1000-5000;0.0;0.0;0.0
D;200-500;5000-10000;>5000;0.0;0.0;0.0
D;200-500;>10000;<50;0.0;0.0;0.0
D;200-500;>10000;50-100;0.0;0.0;0.0
D;200-500;>10000;100-200;0.0;0.0;0.0
D;200-500;>10000;200-500;0.0;0.0;0.0
D;200-500;>10000;500-1000;0.0;0.0;0.0
D;200-500;>10000;1000-5000;0.0;0.0;0.0
D;200-500;>10000;>5000;0.0;0.0;0.0
D;500-1000;<50;<50;0.0;0.0;0.0
D;500-1000;<50;50-100;0.0;0.0;0.0
D;500-1000;<50;100-200;0.0;0.0;0.0
D;500-1000;<50;200-500;0.0;0.0;0.0
D;500-1000;<50;500-1000;0.0;0.0;0.0
D;500-1000;<50;1000-5000;0.0;0.0;0.0
D;500-1000;<50;>5000;0.0;0.0;0.0
D;500-1000;50-100;<50;0.0;0.0;0.0
D;500-1000;50-100;50-100;0.0;0.0;0.0
D;500-1000;50-100;100-200;0.0;0.0;0.0
D;500-1000;50-100;200-500;0.0;0.0;0.0
D;500-1000;50-100;500-1000;0.0;0.0;0.0
D;500-1000;50-100;1000-5000;0.0;0.0;0.0
D;500-1000;50-100;>5000;0.0;0.0;0.0
D;500-1000;100-200;<50;99.24;0.42;19.91
D;500-1000;100-200;50-100;66.05;5.25;13.92
D;500-1000;100-200;100-200;0.0;0.0;0.0
D;500-1000;100-200;200-500;0.0;0.0;0.0
D;500-1000;100-200;500-1000;0.0;0.0;0.0
D;500-1000;100-200;1000-5000;0.0;0.0;0.0
D;500-1000;100-200;>5000;0.0;0.0;0.0
D;500-1000;200-500;<50;0.0;0.0;0.0
D;500-1000;200-500;50-100;110.44;0.63;22.13
D;500-1000;200-500;100-200;128.91;0.38;25.79
D;500-1000;200-500;200-500;72.94;2.01;15.2
D;500-1000;200-500;500-1000;0.0;0.0;0.0
D;500-1000;200-500;1000-5000;0.0;0.0;0.0
D;500-1000;200-500;>5000;0.0;0.0;0.0
D;500-1000;500-1000;<50;58.9;0.2;11.8
D;500-1000;500-1000;50-100;0.0;0.0;0.0
D;500-1000;500-1000;100-200;108.79;0.92;21.8
D;500-1000;500-1000;200-500;85.54;9.11;18.39
D;500-1000;500-1000;500-1000;116.25;4.3;24.9
D;500-1000;500-1000;1000-5000;286.58;1.86;55.36
D;500-1000;500-1000;>5000;0.0;0.0;0.0
D;500-1000;1000-5000;<50;108.36;0.17;22.44
D;500-1000;1000-5000;50-100;52.77;2.01;10.86
D;500-1000;1000-5000;100-200;59.67;2.01;11.48
D;500-1000;1000-5000;200-500;93.35;6.27;18.23
D;500-1000;1000-5000;500-1000;121.16;11.46;24.34
D;500-1000;1000-5000;1000-5000;141.77;13.23;28.36
D;500-1000;1000-5000;>5000;0.0;0.0;0.0
D;500-1000;5000-10000;<50;0.0;0.0;0.0
D;500-1000;5000-10000;50-100;0.0;0.0;0.0
D;500-1000;5000-10000;100-200;0.0;0.0;0.0
D;500-1000;5000-10000;200-500;0.0;0.0;0.0
D;500-1000;5000-10000;500-1000;0.0;0.0;0.0
D;500-1000;5000-10000;1000-5000;0.0;0.0;0.0
D;500-1000;5000-10000;>5000;0.0;0.0;0.0
D;500-1000;>10000;<50;0.0;0.0;0.0
D;500-1000;>10000;50-100;0.0;0.0;0.0
D;500-1000;>10000;100-200;0.0;0.0;0.0
D;500-1000;>10000;200-500;0.0;0.0;0.0
D;500-1000;>10000;500-1000;0.0;0.0;0.0
D;500-1000;>10000;1000-5000;0.0;0.0;0.0
D;500-1000;>10000;>5000;0.0;0.0;0.0
D;1000-5000;<50;<50;0.0;0.0;0.0
D;1000-5000;<50;50-100;0.0;0.0;0.0
D;1000-5000;<50;100-200;0.0;0.0;0.0
D;1000-5000;<50;200-500;0.0;0.0;0.0
D;1000-5000;<50;500-1000;0.0;0.0;0.0
D;1000-5000;<50;1000-5000;0.0;0.0;0.0
D;1000-5000;<50;>5000;0.0;0.0;0.0
D;1000-5000;50-100;<50;0.0;0.0;0.0
D;1000-5000;50-100;50-100;0.0;0.0;0.0
D;1000-5000;50-100;100-200;0.0;0.0;0.0
D;1000-5000;50-100;200-500;0.0;0.0;0.0
D;1000-5000;50-100;500-1000;0.0;0.0;0.0
D;1000-5000;50-100;1000-5000;0.0;0.0;0.0
D;1000-5000;50-100;>5000;0.0;0.0;0.0
D;1000-5000;100-200;<50;0.0;0.0;0.0
D;1000-5000;100-200;50-100;0.0;0.0;0.0
D;1000-5000;100-200;100-200;0.0;0.0;0.0
D;1000-5000;100-200;200-500;0.0;0.0;0.0
D;1000-5000;100-200;500-1000;0.0;0.0;0.0
D;1000-5000;100-200;1000-5000;0.0;0.0;0.0
D;1000-5000;100-200;>5000;0.0;0.0;0.0
D;1000-5000;200-500;<50;0.0;0.0;0.0
D;1000-5000;200-500;50-100;0.0;0.0;0.0
D;1000-5000;200-500;100-200;0.0;0.0;0.0
D;1000-5000;200-500;200-500;0.0;0.0;0.0
D;1000-5000;200-500;500-1000;0.0;0.0;0.0
D;1000-5000;200-500;1000-5000;0.0;0.0;0.0
D;1000-5000;200-500;>5000;0.0;0.0;0.0
D;1000-5000;500-1000;<50;0.0;0.0;0.0
D;1000-5000;500-1000;50-100;0.0;0.0;0.0
D;1000-5000;500-1000;100-200;0.0;0.0;0.0
D;1000-5000;500-1000;200-500;0.0;0.0;0.0
D;1000-5000;500-1000;500-1000;0.0;0.0;0.0
D;1000-5000;500-1000;1000-5000;0.0;0.0;0.0
D;1000-5000;500-1000;>5000;0.0;0.0;0.0
D;1000-5000;1000-5000;<50;0.0;0.0;0.0
D;1000-5000;1000-5000;50-100;0.0;0.0;0.0
D;1000-5000;1000-5000;100-200;0.0;0.0;0.0
D;1000-5000;1000-5000;200-500;0.0;0.0;0.0
D;1000-5000;1000-5000;500-1000;0.0;0.0;0.0
D;1000-5000;1000-5000;1000-5000;0.0;0.0;0.0
D;1000-5000;1000-5000;>5000;0.0;0.0;0.0
D;1000-5000;5000-10000;<50;0.0;0.0;0.0
D;1000-5000;5000-10000;50-100;0.0;0.0;0.0
D;1000-5000;5000-10000;100-200;0.0;0.0;0.0
D;1000-5000;5000-10000;200-500;0.0;0.0;0.0
D;1000-5000;5000-10000;500-1000;0.0;0.0;0.0
D;1000-5000;5000-10000;1000-5000;0.0;0.0;0.0
D;1000-5000;5000-10000;>5000;0.0;0.0;0.0
D;1000-5000;>10000;<50;0.0;0.0;0.0
D;1000-5000;>10000;50-100;0.0;0.0;0.0
D;1000-5000;>10000;100-200;0.0;0.0;0.0
D;1000-5000;>10000;200-500;0.0;0.0;0.0
D;1000-5000;>10000;500-1000;0.0;0.0;0.0
D;1000-5000;>10000;1000-5000;0.0;0.0;0.0
D;1000-5000;>10000;>5000;0.0;0.0;0.0
D;>5000;<50;<50;0.0;0.0;0.0
D;>5000;<50;50-100;0.0;0.0;0.0
D;>5000;<50;100-200;0.0;0.0;0.0
D;>5000;<50;200-500;0.0;0.0;0.0
D;>5000;<50;500-1000;0.0;0.0;0.0
D;>5000;<50;1000-5000;0.0;0.0;0.0
D;>5000;<50;>5000;0.0;0.0;0.0
D;>5000;50-100;<50;0.0;0.0;0.0
D;>5000;50-100;50-100;0.0;0.0;0.0
D;>5000;50-100;100-200;0.0;0.0;0.0
D;>5000;50-100;200-500;0.0;0.0;0.0
D;>5000;50-100;500-1000;0.0;0.0;0.0
D;>5000;50-100;1000-5000;0.0;0.0;0.0
D;>5000;50-100;>5000;0.0;0.0;0.0
D;>5000;100-200;<50;0.0;0.0;0.0
D;>5000;100-200;50-100;0.0;0.0;0.0
D;>5000;100-200;100-200;0.0;0.0;0.0
D;>5000;100-200;200-500;0.0;0.0;0.0
D;>5000;100-200;500-1000;0.0;0.0;0.0
D;>5000;100-200;1000-5000;0.0;0.0;0.0
D;>5000;100-200;>5000;0.0;0.0;0.0
D;>5000;200-500;<50;0.0;0.0;0.0
D;>5000;200-500;50-100;0.0;0.0;0.0
D;>5000;200-500;100-200;0.0;0.0;0.0
D;>5000;200-500;200-500;0.0;0.0;0.0
D;>5000;200-500;500-1000;0.0;0.0;0.0
D;>5000;200-500;1000-5000;0.0;0.0;0.0
D;>5000;200-500;>5000;0.0;0.0;0.0
D;>5000;500-1000;<50;0.0;0.0;0.0
D;>5000;500-1000;50-100;0.0;0.0;0.0
D;>5000;500-1000;100-200;0.0;0.0;0.0
D;>5000;500-1000;200-500;0.0;0.0;0.0
D;>5000;500-1000;500-1000;0.0;0.0;0.0
D;>5000;500-1000;1000-5000;0.0;0.0;0.0
D;>5000;500-1000;>5000;0.0;0.0;0.0
D;>5000;1000-5000;<50;0.0;0.0;0.0
D;>5000;1000-5000;50-100;0.0;0.0;0.0
D;>5000;1000-5000;100-200;0.0;0.0;0.0
D;>5000;1000-5000;200-500;0.0;0.0;0.0
D;>5000;1000-5000;500-1000;0.0;0.0;0.0
D;>5000;1000-5000;1000-5000;0.0;0.0;0.0
D;>5000;1000-5000;>5000;0.0;0.0;0.0
D;>5000;5000-10000;<50;0.0;0.0;0.0
D;>5000;5000-10000;50-100;0.0;0.0;0.0
D;>5000;5000-10000;100-200;0.0;0.0;0.0
D;>5000;5000-10000;200-500;0.0;0.0;0.0
D;>5000;5000-10000;500-1000;0.0;0.0;0.0
D;>5000;5000-10000;1000-5000;0.0;0.0;0.0
D;>5000;5000-10000;>5000;0.0;0.0;0.0
D;>5000;>10000;<50;0.0;0.0;0.0
D;>5000;>10000;50-100;0.0;0.0;0.0
D;>5000;>10000;100-200;0.0;0.0;0.0
D;>5000;>10000;200-500;0.0;0.0;0.0
D;>5000;>10000;500-1000;0.0;0.0;0.0
D;>5000;>10000;1000-5000;0.0;0.0;0.0
D;>5000;>10000;>5000;0.0;0.0;0.0
E;<50;<50;<50;0.0;0.0;0.0
E;<50;<50;50-100;0.0;0.0;0.0
E;<50;<50;100-200;0.0;0.0;0.0
E;<50;<50;200-500;0.0;0.0;0.0
E;<50;<50;500-1000;0.0;0.0;0.0
E;<50;<50;1000-5000;0.0;0.0;0.0
E;<50;<50;>5000;0.0;0.0;0.0
E;<50;50-100;<50;213.55;24.5;43.55
E;<50;50-100;50-100;306.67;30.03;61.35
E;<50;50-100;100-200;369.32;30.8;73.27
E;<50;50-100;200-500;314.82;19.92;61.97
E;<50;50-100;500-1000;286.56;28.53;54.53
E;<50;50-100;1000-5000;154.9;0.0;31.0
E;<50;50-100;>5000;0.0;0.0;0.0
E;<50;100-200;<50;139.87;13.39;28.69
E;<50;100-200;50-100;185.68;17.45;37.64
E;<50;100-200;100-200;253.78;20.68;50.59
E;<50;100-200;200-500;326.73;27.27;64.71
E;<50;100-200;500-1000;271.36;48.44;53.27
E;<50;100-200;1000-5000;335.56;8.93;65.93
E;<50;100-200;>5000;0.0;0.0;0.0
E;<50;200-500;<50;135.15;13.68;27.61
E;<50;200-500;50-100;167.18;17.28;33.94
E;<50;200-500;100-200;233.74;22.67;46.6
E;<50;200-500;200-500;308.22;28.95;60.4
E;<50;200-500;500-1000;322.36;52.38;63.53
E;<50;200-500;1000-5000;202.17;8.98;41.16
E;<50;200-500;>5000;0.0;0.0;0.0
E;<50;500-1000;<50;193.58;8.79;34.16
E;<50;500-1000;50-100;260.98;44.44;52.26
E;<50;500-1000;100-200;275.74;15.42;55.61
E;<50;500-1000;200-500;336.24;13.27;66.57
E;<50;500-1000;500-1000;180.25;34.73;36.54
E;<50;500-1000;1000-5000;0.0;0.0;0.0
E;<50;500-1000;>5000;0.0;0.0;0.0
E;<50;1000-5000;<50;150.3;14.19;31.25
E;<50;1000-5000;50-100;202.16;15.71;42.41
E;<50;1000-5000;100-200;236.44;25.09;47.65
E;<50;1000-5000;200-500;443.06;0.72;83.71
E;<50;1000-5000;500-1000;151.89;16.33;33.06
E;<50;1000-5000;1000-5000;250.54;2.4;50.22
E;<50;1000-5000;>5000;0.0;0.0;0.0
E;<50;5000-10000;<50;0.0;0.0;0.0
E;<50;5000-10000;50-100;0.0;0.0;0.0
E;<50;5000-10000;100-200;0.0;0.0;0.0
E;<50;5000-10000;200-500;0.0;0.0;0.0
E;<50;5000-10000;500-1000;0.0;0.0;0.0
E;<50;5000-10000;1000-5000;0.0;0.0;0.0
E;<50;5000-10000;>5000;0.0;0.0;0.0
E;<50;>10000;<50;0.0;0.0;0.0
E;<50;>10000;50-100;0.0;0.0;0.0
E;<50;>10000;100-200;0.0;0.0;0.0
E;<50;>10000;200-500;0.0;0.0;0.0
E;<50;>10000;500-1000;0.0;0.0;0.0
E;<50;>10000;1000-5000;0.0;0.0;0.0
E;<50;>10000;>5000;0.0;0.0;0.0
E;50-100;<50;<50;0.0;0.0;0.0
E;50-100;<50;50-100;0.0;0.0;0.0
E;50-100;<50;100-200;0.0;0.0;0.0
E;50-100;<50;200-500;0.0;0.0;0.0
E;50-100;<50;500-1000;0.0;0.0;0.0
E;50-100;<50;1000-5000;0.0;0.0;0.0
E;50-100;<50;>5000;0.0;0.0;0.0
E;50-100;50-100;<50;164.43;6.02;33.41
E;50-100;50-100;50-100;174.44;11.41;35.63
E;50-100;50-100;100-200;227.78;12.8;45.2
E;50-100;50-100;200-500;246.32;16.37;49.14
E;50-100;50-100;500-1000;339.97;3.42;66.62
E;50-100;50-100;1000-5000;269.65;1.03;50.71
E;50-100;50-100;>5000;0.0;0.0;0.0
E;50-100;100-200;<50;130.02;9.49;26.59
E;50-100;100-200;50-100;157.26;11.37;32.03
E;50-100;100-200;100-200;222.59;14.36;44.59
E;50-100;100-200;200-500;290.05;25.79;59.47
E;50-100;100-200;500-1000;274.66;6.48;53.96
E;50-100;100-200;1000-5000;251.77;2.19;49.43
E;50-100;100-200;>5000;0.0;0.0;0.0
E;50-100;200-500;<50;123.02;9.73;25.23
E;50-100;200-500;50-100;134.74;10.07;27.68
E;50-100;200-500;100-200;185.55;12.75;37.27
E;50-100;200-500;200-500;236.28;20.45;46.92
E;50-100;200-500;500-1000;311.11;27.31;61.78
E;50-100;200-500;1000-5000;286.65;26.04;58.03
E;50-100;200-500;>5000;0.0;0.0;0.0
E;50-100;500-1000;<50;224.47;14.38;30.15
E;50-100;500-1000;50-100;149.94;10.61;30.37
E;50-100;500-1000;100-200;194.68;13.84;38.95
E;50-100;500-1000;200-500;209.97;36.59;41.95
E;50-100;500-1000;500-1000;250.98;33.77;48.94
E;50-100;500-1000;1000-5000;360.27;5.44;69.67
E;50-100;500-1000;>5000;0.0;0.0;0.0
E;50-100;1000-5000;<50;190.06;11.72;37.49
E;50-100;1000-5000;50-100;123.86;8.16;28.29
E;50-100;1000-5000;100-200;202.56;15.02;40.48
E;50-100;1000-5000;200-500;314.65;21.72;61.78
E;50-100;1000-5000;500-1000;318.55;26.03;62.57
E;50-100;1000-5000;1000-5000;226.75;21.81;49.04
E;50-100;1000-5000;>5000;0.0;0.0;0.0
E;50-100;5000-10000;<50;0.0;0.0;0.0
E;50-100;5000-10000;50-100;0.0;0.0;0.0
E;50-100;5000-10000;100-200;0.0;0.0;0.0
E;50-100;5000-10000;200-500;0.0;0.0;0.0
E;50-100;5000-10000;500-1000;0.0;0.0;0.0
E;50-100;5000-10000;1000-5000;0.0;0.0;0.0
E;50-100;5000-10000;>5000;0.0;0.0;0.0
E;50-100;>10000;<50;0.0;0.0;0.0
E;50-100;>10000;50-100;0.0;0.0;0.0
E;50-100;>10000;100-200;0.0;0.0;0.0
E;50-100;>10000;200-500;0.0;0.0;0.0
E;50-100;>10000;500-1000;0.0;0.0;0.0
E;50-100;>10000;1000-5000;0.0;0.0;0.0
E;50-100;>10000;>5000;0.0;0.0;0.0
E;100-200;<50;<50;0.0;0.0;0.0
E;100-200;<50;50-100;0.0;0.0;0.0
E;100-200;<50;100-200;0.0;0.0;0.0
E;100-200;<50;200-500;0.0;0.0;0.0
E;100-200;<50;500-1000;0.0;0.0;0.0
E;100-200;<50;1000-5000;0.0;0.0;0.0
E;100-200;<50;>5000;0.0;0.0;0.0
E;100-200;50-100;<50;228.36;5.21;45.22
E;100-200;50-100;50-100;199.11;5.59;40.43
E;100-200;50-100;100-200;140.84;12.32;28.91
E;100-200;50-100;200-500;196.0;7.82;38.66
E;100-200;50-100;500-1000;201.1;11.71;44.69
E;100-200;50-100;1000-5000;0.0;0.0;0.0
E;100-200;50-100;>5000;0.0;0.0;0.0
E;100-200;100-200;<50;134.99;10.41;29.41
E;100-200;100-200;50-100;131.27;11.08;26.6
E;100-200;100-200;100-200;176.08;10.36;36.17
E;100-200;100-200;200-500;227.79;18.85;45.69
E;100-200;100-200;500-1000;229.4;40.42;45.74
E;100-200;100-200;1000-5000;94.63;5.98;21.66
E;100-200;100-200;>5000;0.0;0.0;0.0
E;100-200;200-500;<50;118.65;8.38;23.83
E;100-200;200-500;50-100;121.13;8.04;24.83
E;100-200;200-500;100-200;142.54;9.97;29.04
E;100-200;200-500;200-500;208.41;20.67;41.69
E;100-200;200-500;500-1000;269.08;32.03;55.16
E;100-200;200-500;1000-5000;267.71;29.32;52.86
E;100-200;200-500;>5000;0.0;0.0;0.0
E;100-200;500-1000;<50;130.12;9.93;26.39
E;100-200;500-1000;50-100;118.76;8.09;24.3
E;100-200;500-1000;100-200;141.47;10.38;28.99
E;100-200;500-1000;200-500;183.61;26.2;36.78
E;100-200;500-1000;500-1000;201.33;40.16;40.38
E;100-200;500-1000;1000-5000;256.59;39.9;52.13
E;100-200;500-1000;>5000;0.0;0.0;0.0
E;100-200;1000-5000;<50;180.8;0.0;30.0
E;100-200;1000-5000;50-100;213.96;3.96;42.94
E;100-200;1000-5000;100-200;154.43;8.44;30.59
E;100-200;1000-5000;200-500;222.65;22.89;44.74
E;100-200;1000-5000;500-1000;214.4;43.37;43.51
E;100-200;1000-5000;1000-5000;252.87;42.36;50.06
E;100-200;1000-5000;>5000;0.0;0.0;0.0
E;100-200;5000-10000;<50;0.0;0.0;0.0
E;100-200;5000-10000;50-100;0.0;0.0;0.0
E;100-200;5000-10000;100-200;0.0;0.0;0.0
E;100-200;5000-10000;200-500;0.0;0.0;0.0
E;100-200;5000-10000;500-1000;0.0;0.0;0.0
E;100-200;5000-10000;1000-5000;0.0;0.0;0.0
E;100-200;5000-10000;>5000;0.0;0.0;0.0
E;100-200;>10000;<50;0.0;0.0;0.0
E;100-200;>10000;50-100;0.0;0.0;0.0
E;100-200;>10000;100-200;0.0;0.0;0.0
E;100-200;>10000;200-500;0.0;0.0;0.0
E;100-200;>10000;500-1000;0.0;0.0;0.0
E;100-200;>10000;1000-5000;0.0;0.0;0.0
E;100-200;>10000;>5000;0.0;0.0;0.0
E;200-500;<50;<50;0.0;0.0;0.0
E;200-500;<50;50-100;0.0;0.0;0.0
E;200-500;<50;100-200;0.0;0.0;0.0
E;200-500;<50;200-500;0.0;0.0;0.0
E;200-500;<50;500-1000;0.0;0.0;0.0
E;200-500;<50;1000-5000;0.0;0.0;0.0
E;200-500;<50;>5000;0.0;0.0;0.0
E;200-500;50-100;<50;367.92;4.62;59.08
E;200-500;50-100;50-100;122.84;2.47;24.94
E;200-500;50-100;100-200;78.5;11.78;15.3
E;200-500;50-100;200-500;178.04;19.95;34.34
E;200-500;50-100;500-1000;132.89;22.6;28.88
E;200-500;50-100;1000-5000;0.0;0.0;0.0
E;200-500;50-100;>5000;0.0;0.0;0.0
E;200-500;100-200;<50;0.0;0.0;0.0
E;200-500;100-200;50-100;209.66;2.91;41.64
E;200-500;100-200;100-200;137.31;43.52;28.24
E;200-500;100-200;200-500;186.47;3.62;42.11
E;200-500;100-200;500-1000;181.0;20.59;40.16
E;200-500;100-200;1000-5000;120.97;2.68;25.29
E;200-500;100-200;>5000;0.0;0.0;0.0
E;200-500;200-500;<50;188.87;2.36;26.51
E;200-500;200-500;50-100;129.24;10.8;26.08
E;200-500;200-500;100-200;133.47;7.91;27.57
E;200-500;200-500;200-500;166.95;17.21;33.77
E;200-500;200-500;500-1000;211.51;24.59;44.42
E;200-500;200-500;1000-5000;178.26;6.8;33.94
E;200-500;200-500;>5000;0.0;0.0;0.0
E;200-500;500-1000;<50;139.04;3.63;27.82
E;200-500;500-1000;50-100;111.36;3.78;21.75
E;200-500;500-1000;100-200;129.84;7.73;26.35
E;200-500;500-1000;200-500;159.75;17.22;32.14
E;200-500;500-1000;500-1000;189.54;29.68;38.05
E;200-500;500-1000;1000-5000;260.85;33.66;52.47
E;200-500;500-1000;>5000;0.0;0.0;0.0
E;200-500;1000-5000;<50;87.73;18.55;17.41
E;200-500;1000-5000;50-100;67.32;2.17;12.64
E;200-500;1000-5000;100-200;111.88;7.64;22.57
E;200-500;1000-5000;200-500;155.17;14.93;31.53
E;200-500;1000-5000;500-1000;171.14;30.71;34.51
E;200-500;1000-5000;1000-5000;195.89;33.48;39.35
E;200-500;1000-5000;>5000;0.0;0.0;0.0
E;200-500;5000-10000;<50;0.0;0.0;0.0
E;200-500;5000-10000;50-100;0.0;0.0;0.0
E;200-500;5000-10000;100-200;0.0;0.0;0.0
E;200-500;5000-10000;200-500;0.0;0.0;0.0
E;200-500;5000-10000;500-1000;0.0;0.0;0.0
E;200-500;5000-10000;1000-5000;0.0;0.0;0.0
E;200-500;5000-10000;>5000;0.0;0.0;0.0
E;200-500;>10000;<50;0.0;0.0;0.0
E;200-500;>10000;50-100;0.0;0.0;0.0
E;200-500;>10000;100-200;0.0;0.0;0.0
E;200-500;>10000;200-500;0.0;0.0;0.0
E;200-500;>10000;500-1000;0.0;0.0;0.0
E;200-500;>10000;1000-5000;0.0;0.0;0.0
E;200-500;>10000;>5000;0.0;0.0;0.0
E;500-1000;<50;<50;0.0;0.0;0.0
E;500-1000;<50;50-100;0.0;0.0;0.0
E;500-1000;<50;100-200;0.0;0.0;0.0
E;500-1000;<50;200-500;0.0;0.0;0.0
E;500-1000;<50;500-1000;0.0;0.0;0.0
E;500-1000;<50;1000-5000;0.0;0.0;0.0
E;500-1000;<50;>5000;0.0;0.0;0.0
E;500-1000;50-100;<50;0.0;0.0;0.0
E;500-1000;50-100;50-100;0.0;0.0;0.0
E;500-1000;50-100;100-200;0.0;0.0;0.0
E;500-1000;50-100;200-500;0.0;0.0;0.0
E;500-1000;50-100;500-1000;0.0;0.0;0.0
E;500-1000;50-100;1000-5000;0.0;0.0;0.0
E;500-1000;50-100;>5000;0.0;0.0;0.0
E;500-1000;100-200;<50;0.0;0.0;0.0
E;500-1000;100-200;50-100;367.5;0.03;95.65
E;500-1000;100-200;100-200;230.41;3.52;44.56
E;500-1000;100-200;200-500;64.87;0.25;6.64
E;500-1000;100-200;500-1000;0.0;0.0;0.0
E;500-1000;100-200;1000-5000;0.0;0.0;0.0
E;500-1000;100-200;>5000;0.0;0.0;0.0
E;500-1000;200-500;<50;0.0;0.0;0.0
E;500-1000;200-500;50-100;135.98;24.86;28.21
E;500-1000;200-500;100-200;132.98;2.81;27.05
E;500-1000;200-500;200-500;152.86;9.56;31.31
E;500-1000;200-500;500-1000;71.12;0.62;14.16
E;500-1000;200-500;1000-5000;51.63;23.71;10.21
E;500-1000;200-500;>5000;0.0;0.0;0.0
E;500-1000;500-1000;<50;56.0;0.0;10.5
E;500-1000;500-1000;50-100;0.0;0.0;0.0
E;500-1000;500-1000;100-200;70.15;1.86;13.74
E;500-1000;500-1000;200-500;174.73;7.83;34.13
E;500-1000;500-1000;500-1000;192.14;5.88;41.38
E;500-1000;500-1000;1000-5000;294.98;2.22;56.41
E;500-1000;500-1000;>5000;0.0;0.0;0.0
E;500-1000;1000-5000;<50;123.69;21.6;26.36
E;500-1000;1000-5000;50-100;43.47;1.79;8.43
E;500-1000;1000-5000;100-200;83.5;2.37;15.99
E;500-1000;1000-5000;200-500;111.08;11.95;22.44
E;500-1000;1000-5000;500-1000;156.94;13.12;31.65
E;500-1000;1000-5000;1000-5000;177.48;17.54;35.8
E;500-1000;1000-5000;>5000;0.0;0.0;0.0
E;500-1000;5000-10000;<50;0.0;0.0;0.0
E;500-1000;5000-10000;50-100;0.0;0.0;0.0
E;500-1000;5000-10000;100-200;0.0;0.0;0.0
E;500-1000;5000-10000;200-500;0.0;0.0;0.0
E;500-1000;5000-10000;500-1000;0.0;0.0;0.0
E;500-1000;5000-10000;1000-5000;0.0;0.0;0.0
E;500-1000;5000-10000;>5000;0.0;0.0;0.0
E;500-1000;>10000;<50;0.0;0.0;0.0
E;500-1000;>10000;50-100;0.0;0.0;0.0
E;500-1000;>10000;100-200;0.0;0.0;0.0
E;500-1000;>10000;200-500;0.0;0.0;0.0
E;500-1000;>10000;500-1000;0.0;0.0;0.0
E;500-1000;>10000;1000-5000;0.0;0.0;0.0
E;500-1000;>10000;>5000;0.0;0.0;0.0
E;1000-5000;<50;<50;0.0;0.0;0.0
E;1000-5000;<50;50-100;0.0;0.0;0.0
E;1000-5000;<50;100-200;0.0;0.0;0.0
E;1000-5000;<50;200-500;0.0;0.0;0.0
E;1000-5000;<50;500-1000;0.0;0.0;0.0
E;1000-5000;<50;1000-5000;0.0;0.0;0.0
E;1000-5000;<50;>5000;0.0;0.0;0.0
E;1000-5000;50-100;<50;0.0;0.0;0.0
E;1000-5000;50-100;50-100;0.0;0.0;0.0
E;1000-5000;50-100;100-200;0.0;0.0;0.0
E;1000-5000;50-100;200-500;0.0;0.0;0.0
E;1000-5000;50-100;500-1000;0.0;0.0;0.0
E;1000-5000;50-100;1000-5000;0.0;0.0;0.0
E;1000-5000;50-100;>5000;0.0;0.0;0.0
E;1000-5000;100-200;<50;0.0;0.0;0.0
E;1000-5000;100-200;50-100;0.0;0.0;0.0
E;1000-5000;100-200;100-200;0.0;0.0;0.0
E;1000-5000;100-200;200-500;0.0;0.0;0.0
E;1000-5000;100-200;500-1000;0.0;0.0;0.0
E;1000-5000;100-200;1000-5000;0.0;0.0;0.0
E;1000-5000;100-200;>5000;0.0;0.0;0.0
E;1000-5000;200-500;<50;0.0;0.0;0.0
E;1000-5000;200-500;50-100;0.0;0.0;0.0
E;1000-5000;200-500;100-200;0.0;0.0;0.0
E;1000-5000;200-500;200-500;0.0;0.0;0.0
E;1000-5000;200-500;500-1000;0.0;0.0;0.0
E;1000-5000;200-500;1000-5000;0.0;0.0;0.0
E;1000-5000;200-500;>5000;0.0;0.0;0.0
E;1000-5000;500-1000;<50;0.0;0.0;0.0
E;1000-5000;500-1000;50-100;0.0;0.0;0.0
E;1000-5000;500-1000;100-200;0.0;0.0;0.0
E;1000-5000;500-1000;200-500;0.0;0.0;0.0
E;1000-5000;500-1000;500-1000;0.0;0.0;0.0
E;1000-5000;500-1000;1000-5000;0.0;0.0;0.0
E;1000-5000;500-1000;>5000;0.0;0.0;0.0
E;1000-5000;1000-5000;<50;0.0;0.0;0.0
E;1000-5000;1000-5000;50-100;0.0;0.0;0.0
E;1000-5000;1000-5000;100-200;0.0;0.0;0.0
E;1000-5000;1000-5000;200-500;0.0;0.0;0.0
E;1000-5000;1000-5000;500-1000;0.0;0.0;0.0
E;1000-5000;1000-5000;1000-5000;0.0;0.0;0.0
E;1000-5000;1000-5000;>5000;0.0;0.0;0.0
E;1000-5000;5000-10000;<50;0.0;0.0;0.0
E;1000-5000;5000-10000;50-100;0.0;0.0;0.0
E;1000-5000;5000-10000;100-200;0.0;0.0;0.0
E;1000-5000;5000-10000;200-500;0.0;0.0;0.0
E;1000-5000;5000-10000;500-1000;0.0;0.0;0.0
E;1000-5000;5000-10000;1000-5000;0.0;0.0;0.0
E;1000-5000;5000-10000;>5000;0.0;0.0;0.0
E;1000-5000;>10000;<50;0.0;0.0;0.0
E;1000-5000;>10000;50-100;0.0;0.0;0.0
E;1000-5000;>10000;100-200;0.0;0.0;0.0
E;1000-5000;>10000;200-500;0.0;0.0;0.0
E;1000-5000;>10000;500-1000;0.0;0.0;0.0
E;1000-5000;>10000;1000-5000;0.0;0.0;0.0
E;1000-5000;>10000;>5000;0.0;0.0;0.0
E;>5000;<50;<50;0.0;0.0;0.0
E;>5000;<50;50-100;0.0;0.0;0.0
E;>5000;<50;100-200;0.0;0.0;0.0
E;>5000;<50;200-500;0.0;0.0;0.0
E;>5000;<50;500-1000;0.0;0.0;0.0
E;>5000;<50;1000-5000;0.0;0.0;0.0
E;>5000;<50;>5000;0.0;0.0;0.0
E;>5000;50-100;<50;0.0;0.0;0.0
E;>5000;50-100;50-100;0.0;0.0;0.0
E;>5000;50-100;100-200;0.0;0.0;0.0
E;>5000;50-100;200-500;0.0;0.0;0.0
E;>5000;50-100;500-1000;0.0;0.0;0.0
E;>5000;50-100;1000-5000;0.0;0.0;0.0
E;>5000;50-100;>5000;0.0;0.0;0.0
E;>5000;100-200;<50;0.0;0.0;0.0
E;>5000;100-200;50-100;0.0;0.0;0.0
E;>5000;100-200;100-200;0.0;0.0;0.0
E;>5000;100-200;200-500;0.0;0.0;0.0
E;>5000;100-200;500-1000;0.0;0.0;0.0
E;>5000;100-200;1000-5000;0.0;0.0;0.0
E;>5000;100-200;>5000;0.0;0.0;0.0
E;>5000;200-500;<50;0.0;0.0;0.0
E;>5000;200-500;50-100;0.0;0.0;0.0
E;>5000;200-500;100-200;0.0;0.0;0.0
E;>5000;200-500;200-500;0.0;0.0;0.0
E;>5000;200-500;500-1000;0.0;0.0;0.0
E;>5000;200-500;1000-5000;0.0;0.0;0.0
E;>5000;200-500;>5000;0.0;0.0;0.0
E;>5000;500-1000;<50;0.0;0.0;0.0
E;>5000;500-1000;50-100;0.0;0.0;0.0
E;>5000;500-1000;100-200;0.0;0.0;0.0
E;>5000;500-1000;200-500;0.0;0.0;0.0
E;>5000;500-1000;500-1000;0.0;0.0;0.0
E;>5000;500-1000;1000-5000;0.0;0.0;0.0
E;>5000;500-1000;>5000;0.0;0.0;0.0
E;>5000;1000-5000;<50;0.0;0.0;0.0
E;>5000;1000-5000;50-100;0.0;0.0;0.0
E;>5000;1000-5000;100-200;0.0;0.0;0.0
E;>5000;1000-5000;200-500;0.0;0.0;0.0
E;>5000;1000-5000;500-1000;0.0;0.0;0.0
E;>5000;1000-5000;1000-5000;0.0;0.0;0.0
E;>5000;1000-5000;>5000;0.0;0.0;0.0
E;>5000;5000-10000;<50;0.0;0.0;0.0
E;>5000;5000-10000;50-100;0.0;0.0;0.0
E;>5000;5000-10000;100-200;0.0;0.0;0.0
E;>5000;5000-10000;200-500;0.0;0.0;0.0
E;>5000;5000-10000;500-1000;0.0;0.0;0.0
E;>5000;5000-10000;1000-5000;0.0;0.0;0.0
E;>5000;5000-10000;>5000;0.0;0.0;0.0
E;>5000;>10000;<50;0.0;0.0;0.0
E;>5000;>10000;50-100;0.0;0.0;0.0
E;>5000;>10000;100-200;0.0;0.0;0.0
E;>5000;>10000;200-500;0.0;0.0;0.0
E;>5000;>10000;500-1000;0.0;0.0;0.0
E;>5000;>10000;1000-5000;0.0;0.0;0.0
E;>5000;>10000;>5000;0.0;0.0;0.0
F;<50;<50;<50;0.0;0.0;0.0
F;<50;<50;50-100;0.0;0.0;0.0
F;<50;<50;100-200;0.0;0.0;0.0
F;<50;<50;200-500;0.0;0.0;0.0
F;<50;<50;500-1000;0.0;0.0;0.0
F;<50;<50;1000-5000;0.0;0.0;0.0
F;<50;<50;>5000;0.0;0.0;0.0
F;<50;50-100;<50;227.41;26.56;50.94
F;<50;50-100;50-100;328.84;32.06;70.26
F;<50;50-100;100-200;389.01;30.14;78.53
F;<50;50-100;200-500;289.31;57.57;58.77
F;<50;50-100;500-1000;54.44;0.69;15.96
F;<50;50-100;1000-5000;389.71;0.0;73.08
F;<50;50-100;>5000;0.0;0.0;0.0
F;<50;100-200;<50;163.99;21.38;36.56
F;<50;100-200;50-100;232.68;30.8;50.61
F;<50;100-200;100-200;302.33;35.94;63.58
F;<50;100-200;200-500;365.8;38.68;75.19
F;<50;100-200;500-1000;344.07;4.92;68.34
F;<50;100-200;1000-5000;505.01;5.05;95.43
F;<50;100-200;>5000;0.0;0.0;0.0
F;<50;200-500;<50;181.45;15.27;40.06
F;<50;200-500;50-100;210.14;26.19;44.33
F;<50;200-500;100-200;275.13;38.82;56.8
F;<50;200-500;200-500;317.86;50.31;64.2
F;<50;200-500;500-1000;0.0;0.0;0.0
F;<50;200-500;1000-5000;0.0;0.0;0.0
F;<50;200-500;>5000;0.0;0.0;0.0
F;<50;500-1000;<50;0.0;0.0;0.0
F;<50;500-1000;50-100;148.41;20.63;31.9
F;<50;500-1000;100-200;256.84;9.45;66.12
F;<50;500-1000;200-500;245.88;9.57;51.09
F;<50;500-1000;500-1000;276.31;2.01;66.65
F;<50;500-1000;1000-5000;0.0;0.0;0.0
F;<50;500-1000;>5000;0.0;0.0;0.0
F;<50;1000-5000;<50;297.87;20.08;42.91
F;<50;1000-5000;50-100;338.61;7.55;80.47
F;<50;1000-5000;100-200;279.13;12.29;67.66
F;<50;1000-5000;200-500;60.32;206.31;2.19
F;<50;1000-5000;500-1000;0.0;0.0;0.0
F;<50;1000-5000;1000-5000;0.0;0.0;0.0
F;<50;1000-5000;>5000;0.0;0.0;0.0
F;<50;5000-10000;<50;0.0;0.0;0.0
F;<50;5000-10000;50-100;0.0;0.0;0.0
F;<50;5000-10000;100-200;0.0;0.0;0.0
F;<50;5000-10000;200-500;0.0;0.0;0.0
F;<50;5000-10000;500-1000;0.0;0.0;0.0
F;<50;5000-10000;1000-5000;0.0;0.0;0.0
F;<50;5000-10000;>5000;0.0;0.0;0.0
F;<50;>10000;<50;0.0;0.0;0.0
F;<50;>10000;50-100;0.0;0.0;0.0
F;<50;>10000;100-200;0.0;0.0;0.0
F;<50;>10000;200-500;0.0;0.0;0.0
F;<50;>10000;500-1000;0.0;0.0;0.0
F;<50;>10000;1000-5000;0.0;0.0;0.0
F;<50;>10000;>5000;0.0;0.0;0.0
F;50-100;<50;<50;0.0;0.0;0.0
F;50-100;<50;50-100;0.0;0.0;0.0
F;50-100;<50;100-200;0.0;0.0;0.0
F;50-100;<50;200-500;0.0;0.0;0.0
F;50-100;<50;500-1000;0.0;0.0;0.0
F;50-100;<50;1000-5000;0.0;0.0;0.0
F;50-100;<50;>5000;0.0;0.0;0.0
F;50-100;50-100;<50;259.26;14.07;55.71
F;50-100;50-100;50-100;218.86;12.34;47.46
F;50-100;50-100;100-200;305.58;12.82;61.07
F;50-100;50-100;200-500;294.53;59.35;66.45
F;50-100;50-100;500-1000;83.15;4.33;16.82
F;50-100;50-100;1000-5000;459.72;2.33;86.54
F;50-100;50-100;>5000;0.0;0.0;0.0
F;50-100;100-200;<50;151.55;16.46;33.61
F;50-100;100-200;50-100;196.36;23.3;42.99
F;50-100;100-200;100-200;272.11;32.7;58.42
F;50-100;100-200;200-500;344.61;35.69;70.23
F;50-100;100-200;500-1000;249.79;3.5;50.26
F;50-100;100-200;1000-5000;0.0;0.0;0.0
F;50-100;100-200;>5000;0.0;0.0;0.0
F;50-100;200-500;<50;134.26;14.94;29.41
F;50-100;200-500;50-100;163.8;19.47;35.53
F;50-100;200-500;100-200;230.79;28.21;48.98
F;50-100;200-500;200-500;276.86;39.46;57.68
F;50-100;200-500;500-1000;305.56;43.07;61.88
F;50-100;200-500;1000-5000;368.49;9.32;75.09
F;50-100;200-500;>5000;0.0;0.0;0.0
F;50-100;500-1000;<50;0.0;0.0;0.0
F;50-100;500-1000;50-100;169.15;109.75;35.74
F;50-100;500-1000;100-200;260.39;24.31;52.67
F;50-100;500-1000;200-500;218.31;57.74;46.08
F;50-100;500-1000;500-1000;269.08;59.47;56.91
F;50-100;500-1000;1000-5000;0.0;0.0;0.0
F;50-100;500-1000;>5000;0.0;0.0;0.0
F;50-100;1000-5000;<50;0.0;0.0;0.0
F;50-100;1000-5000;50-100;182.8;1.4;34.47
F;50-100;1000-5000;100-200;223.27;7.32;43.64
F;50-100;1000-5000;200-500;364.3;13.32;65.33
F;50-100;1000-5000;500-1000;259.47;13.27;54.25
F;50-100;1000-5000;1000-5000;135.64;64.77;28.01
F;50-100;1000-5000;>5000;0.0;0.0;0.0
F;50-100;5000-10000;<50;0.0;0.0;0.0
F;50-100;5000-10000;50-100;0.0;0.0;0.0
F;50-100;5000-10000;100-200;0.0;0.0;0.0
F;50-100;5000-10000;200-500;0.0;0.0;0.0
F;50-100;5000-10000;500-1000;0.0;0.0;0.0
F;50-100;5000-10000;1000-5000;0.0;0.0;0.0
F;50-100;5000-10000;>5000;0.0;0.0;0.0
F;50-100;>10000;<50;0.0;0.0;0.0
F;50-100;>10000;50-100;0.0;0.0;0.0
F;50-100;>10000;100-200;0.0;0.0;0.0
F;50-100;>10000;200-500;0.0;0.0;0.0
F;50-100;>10000;500-1000;0.0;0.0;0.0
F;50-100;>10000;1000-5000;0.0;0.0;0.0
F;50-100;>10000;>5000;0.0;0.0;0.0
F;100-200;<50;<50;0.0;0.0;0.0
F;100-200;<50;50-100;0.0;0.0;0.0
F;100-200;<50;100-200;0.0;0.0;0.0
F;100-200;<50;200-500;0.0;0.0;0.0
F;100-200;<50;500-1000;0.0;0.0;0.0
F;100-200;<50;1000-5000;0.0;0.0;0.0
F;100-200;<50;>5000;0.0;0.0;0.0
F;100-200;50-100;<50;594.17;15.19;121.1
F;100-200;50-100;50-100;273.83;0.75;60.6
F;100-200;50-100;100-200;194.76;0.0;38.12
F;100-200;50-100;200-500;203.27;30.64;39.8
F;100-200;50-100;500-1000;262.17;11.54;55.45
F;100-200;50-100;1000-5000;0.0;0.0;0.0
F;100-200;50-100;>5000;0.0;0.0;0.0
F;100-200;100-200;<50;258.6;2.81;53.14
F;100-200;100-200;50-100;251.09;1.36;49.96
F;100-200;100-200;100-200;226.41;4.92;47.1
F;100-200;100-200;200-500;275.0;23.77;56.2
F;100-200;100-200;500-1000;409.97;4.17;79.25
F;100-200;100-200;1000-5000;0.0;0.0;0.0
F;100-200;100-200;>5000;0.0;0.0;0.0
F;100-200;200-500;<50;154.63;6.54;31.04
F;100-200;200-500;50-100;136.5;12.54;28.91
F;100-200;200-500;100-200;174.45;20.05;37.31
F;100-200;200-500;200-500;243.05;37.95;51.25
F;100-200;200-500;500-1000;290.24;47.28;60.56
F;100-200;200-500;1000-5000;280.23;38.92;51.84
F;100-200;200-500;>5000;0.0;0.0;0.0
F;100-200;500-1000;<50;178.77;18.66;39.97
F;100-200;500-1000;50-100;134.79;4.11;28.69
F;100-200;500-1000;100-200;169.19;21.0;35.52
F;100-200;500-1000;200-500;214.13;41.71;45.07
F;100-200;500-1000;500-1000;212.59;57.95;44.84
F;100-200;500-1000;1000-5000;256.75;76.71;51.83
F;100-200;500-1000;>5000;0.0;0.0;0.0
F;100-200;1000-5000;<50;0.0;0.0;0.0
F;100-200;1000-5000;50-100;0.0;0.0;0.0
F;100-200;1000-5000;100-200;130.6;76.1;26.79
F;100-200;1000-5000;200-500;286.84;30.83;61.96
F;100-200;1000-5000;500-1000;188.92;63.25;40.88
F;100-200;1000-5000;1000-5000;292.84;87.83;59.62
F;100-200;1000-5000;>5000;0.0;0.0;0.0
F;100-200;5000-10000;<50;0.0;0.0;0.0
F;100-200;5000-10000;50-100;0.0;0.0;0.0
F;100-200;5000-10000;100-200;0.0;0.0;0.0
F;100-200;5000-10000;200-500;0.0;0.0;0.0
F;100-200;5000-10000;500-1000;0.0;0.0;0.0
F;100-200;5000-10000;1000-5000;0.0;0.0;0.0
F;100-200;5000-10000;>5000;0.0;0.0;0.0
F;100-200;>10000;<50;0.0;0.0;0.0
F;100-200;>10000;50-100;0.0;0.0;0.0
F;100-200;>10000;100-200;0.0;0.0;0.0
F;100-200;>10000;200-500;0.0;0.0;0.0
F;100-200;>10000;500-1000;0.0;0.0;0.0
F;100-200;>10000;1000-5000;0.0;0.0;0.0
F;100-200;>10000;>5000;0.0;0.0;0.0
F;200-500;<50;<50;0.0;0.0;0.0
F;200-500;<50;50-100;0.0;0.0;0.0
F;200-500;<50;100-200;0.0;0.0;0.0
F;200-500;<50;200-500;0.0;0.0;0.0
F;200-500;<50;500-1000;0.0;0.0;0.0
F;200-500;<50;1000-5000;0.0;0.0;0.0
F;200-500;<50;>5000;0.0;0.0;0.0
F;200-500;50-100;<50;0.0;0.0;0.0
F;200-500;50-100;50-100;0.0;0.0;0.0
F;200-500;50-100;100-200;0.0;0.0;0.0
F;200-500;50-100;200-500;225.15;0.42;55.55
F;200-500;50-100;500-1000;0.0;0.0;0.0
F;200-500;50-100;1000-5000;0.0;0.0;0.0
F;200-500;50-100;>5000;0.0;0.0;0.0
F;200-500;100-200;<50;0.0;0.0;0.0
F;200-500;100-200;50-100;112.11;3.65;23.46
F;200-500;100-200;100-200;91.33;1.16;18.44
F;200-500;100-200;200-500;193.05;2.64;42.81
F;200-500;100-200;500-1000;448.49;1.5;110.59
F;200-500;100-200;1000-5000;0.0;0.0;0.0
F;200-500;100-200;>5000;0.0;0.0;0.0
F;200-500;200-500;<50;0.0;0.0;0.0
F;200-500;200-500;50-100;242.17;1.18;48.55
F;200-500;200-500;100-200;260.24;1.21;53.87
F;200-500;200-500;200-500;205.83;50.85;42.81
F;200-500;200-500;500-1000;154.86;30.41;33.33
F;200-500;200-500;1000-5000;0.0;0.0;0.0
F;200-500;200-500;>5000;0.0;0.0;0.0
F;200-500;500-1000;<50;92.95;17.88;26.68
F;200-500;500-1000;50-100;117.1;2.91;25.7
F;200-500;500-1000;100-200;146.78;19.87;30.41
F;200-500;500-1000;200-500;194.99;30.22;41.12
F;200-500;500-1000;500-1000;208.68;44.89;44.73
F;200-500;500-1000;1000-5000;289.38;49.21;66.17
F;200-500;500-1000;>5000;0.0;0.0;0.0
F;200-500;1000-5000;<50;82.13;5.47;16.89
F;200-500;1000-5000;50-100;52.53;10.7;9.57
F;200-500;1000-5000;100-200;127.88;29.81;26.99
F;200-500;1000-5000;200-500;172.34;29.34;36.55
F;200-500;1000-5000;500-1000;185.22;43.76;39.93
F;200-500;1000-5000;1000-5000;190.41;44.21;41.42
F;200-500;1000-5000;>5000;0.0;0.0;0.0
F;200-500;5000-10000;<50;0.0;0.0;0.0
F;200-500;5000-10000;50-100;0.0;0.0;0.0
F;200-500;5000-10000;100-200;0.0;0.0;0.0
F;200-500;5000-10000;200-500;0.0;0.0;0.0
F;200-500;5000-10000;500-1000;0.0;0.0;0.0
F;200-500;5000-10000;1000-5000;0.0;0.0;0.0
F;200-500;5000-10000;>5000;0.0;0.0;0.0
F;200-500;>10000;<50;0.0;0.0;0.0
F;200-500;>10000;50-100;0.0;0.0;0.0
F;200-500;>10000;100-200;0.0;0.0;0.0
F;200-500;>10000;200-500;0.0;0.0;0.0
F;200-500;>10000;500-1000;0.0;0.0;0.0
F;200-500;>10000;1000-5000;0.0;0.0;0.0
F;200-500;>10000;>5000;0.0;0.0;0.0
F;500-1000;<50;<50;0.0;0.0;0.0
F;500-1000;<50;50-100;0.0;0.0;0.0
F;500-1000;<50;100-200;0.0;0.0;0.0
F;500-1000;<50;200-500;0.0;0.0;0.0
F;500-1000;<50;500-1000;0.0;0.0;0.0
F;500-1000;<50;1000-5000;0.0;0.0;0.0
F;500-1000;<50;>5000;0.0;0.0;0.0
F;500-1000;50-100;<50;0.0;0.0;0.0
F;500-1000;50-100;50-100;0.0;0.0;0.0
F;500-1000;50-100;100-200;0.0;0.0;0.0
F;500-1000;50-100;200-500;0.0;0.0;0.0
F;500-1000;50-100;500-1000;200.73;6.52;38.56
F;500-1000;50-100;1000-5000;0.0;0.0;0.0
F;500-1000;50-100;>5000;0.0;0.0;0.0
F;500-1000;100-200;<50;0.0;0.0;0.0
F;500-1000;100-200;50-100;0.0;0.0;0.0
F;500-1000;100-200;100-200;266.5;1.82;50.95
F;500-1000;100-200;200-500;0.0;0.0;0.0
F;500-1000;100-200;500-1000;0.0;0.0;0.0
F;500-1000;100-200;1000-5000;0.0;0.0;0.0
F;500-1000;100-200;>5000;0.0;0.0;0.0
F;500-1000;200-500;<50;0.0;0.0;0.0
F;500-1000;200-500;50-100;0.0;0.0;0.0
F;500-1000;200-500;100-200;180.74;0.7;68.33
F;500-1000;200-500;200-500;315.13;0.0;64.29
F;500-1000;200-500;500-1000;0.0;0.0;0.0
F;500-1000;200-500;1000-5000;0.0;0.0;0.0
F;500-1000;200-500;>5000;0.0;0.0;0.0
F;500-1000;500-1000;<50;0.0;0.0;0.0
F;500-1000;500-1000;50-100;0.0;0.0;0.0
F;500-1000;500-1000;100-200;0.0;0.0;0.0
F;500-1000;500-1000;200-500;345.25;1.73;80.26
F;500-1000;500-1000;500-1000;286.2;0.76;70.58
F;500-1000;500-1000;1000-5000;0.0;0.0;0.0
F;500-1000;500-1000;>5000;0.0;0.0;0.0
F;500-1000;1000-5000;<50;0.0;0.0;0.0
F;500-1000;1000-5000;50-100;0.0;0.0;0.0
F;500-1000;1000-5000;100-200;114.41;0.1;23.1
F;500-1000;1000-5000;200-500;119.02;10.35;27.49
F;500-1000;1000-5000;500-1000;155.03;36.03;37.03
F;500-1000;1000-5000;1000-5000;189.63;24.82;42.35
F;500-1000;1000-5000;>5000;0.0;0.0;0.0
F;500-1000;5000-10000;<50;0.0;0.0;0.0
F;500-1000;5000-10000;50-100;0.0;0.0;0.0
F;500-1000;5000-10000;100-200;0.0;0.0;0.0
F;500-1000;5000-10000;200-500;0.0;0.0;0.0
F;500-1000;5000-10000;500-1000;0.0;0.0;0.0
F;500-1000;5000-10000;1000-5000;0.0;0.0;0.0
F;500-1000;5000-10000;>5000;0.0;0.0;0.0
F;500-1000;>10000;<50;0.0;0.0;0.0
F;500-1000;>10000;50-100;0.0;0.0;0.0
F;500-1000;>10000;100-200;0.0;0.0;0.0
F;500-1000;>10000;200-500;0.0;0.0;0.0
F;500-1000;>10000;500-1000;0.0;0.0;0.0
F;500-1000;>10000;1000-5000;0.0;0.0;0.0
F;500-1000;>10000;>5000;0.0;0.0;0.0
F;1000-5000;<50;<50;0.0;0.0;0.0
F;1000-5000;<50;50-100;0.0;0.0;0.0
F;1000-5000;<50;100-200;0.0;0.0;0.0
F;1000-5000;<50;200-500;0.0;0.0;0.0
F;1000-5000;<50;500-1000;0.0;0.0;0.0
F;1000-5000;<50;1000-5000;0.0;0.0;0.0
F;1000-5000;<50;>5000;0.0;0.0;0.0
F;1000-5000;50-100;<50;0.0;0.0;0.0
F;1000-5000;50-100;50-100;0.0;0.0;0.0
F;1000-5000;50-100;100-200;0.0;0.0;0.0
F;1000-5000;50-100;200-500;0.0;0.0;0.0
F;1000-5000;50-100;500-1000;0.0;0.0;0.0
F;1000-5000;50-100;1000-5000;0.0;0.0;0.0
F;1000-5000;50-100;>5000;0.0;0.0;0.0
F;1000-5000;100-200;<50;0.0;0.0;0.0
F;1000-5000;100-200;50-100;0.0;0.0;0.0
F;1000-5000;100-200;100-200;0.0;0.0;0.0
F;1000-5000;100-200;200-500;0.0;0.0;0.0
F;1000-5000;100-200;500-1000;0.0;0.0;0.0
F;1000-5000;100-200;1000-5000;0.0;0.0;0.0
F;1000-5000;100-200;>5000;0.0;0.0;0.0
F;1000-5000;200-500;<50;0.0;0.0;0.0
F;1000-5000;200-500;50-100;0.0;0.0;0.0
F;1000-5000;200-500;100-200;0.0;0.0;0.0
F;1000-5000;200-500;200-500;0.0;0.0;0.0
F;1000-5000;200-500;500-1000;0.0;0.0;0.0
F;1000-5000;200-500;1000-5000;0.0;0.0;0.0
F;1000-5000;200-500;>5000;0.0;0.0;0.0
F;1000-5000;500-1000;<50;0.0;0.0;0.0
F;1000-5000;500-1000;50-100;0.0;0.0;0.0
F;1000-5000;500-1000;100-200;0.0;0.0;0.0
F;1000-5000;500-1000;200-500;0.0;0.0;0.0
F;1000-5000;500-1000;500-1000;0.0;0.0;0.0
F;1000-5000;500-1000;1000-5000;0.0;0.0;0.0
F;1000-5000;500-1000;>5000;0.0;0.0;0.0
F;1000-5000;1000-5000;<50;0.0;0.0;0.0
F;1000-5000;1000-5000;50-100;0.0;0.0;0.0
F;1000-5000;1000-5000;100-200;0.0;0.0;0.0
F;1000-5000;1000-5000;200-500;0.0;0.0;0.0
F;1000-5000;1000-5000;500-1000;0.0;0.0;0.0
F;1000-5000;1000-5000;1000-5000;0.0;0.0;0.0
F;1000-5000;1000-5000;>5000;0.0;0.0;0.0
F;1000-5000;5000-10000;<50;0.0;0.0;0.0
F;1000-5000;5000-10000;50-100;0.0;0.0;0.0
F;1000-5000;5000-10000;100-200;0.0;0.0;0.0
F;1000-5000;5000-10000;200-500;0.0;0.0;0.0
F;1000-5000;5000-10000;500-1000;0.0;0.0;0.0
F;1000-5000;5000-10000;1000-5000;0.0;0.0;0.0
F;1000-5000;5000-10000;>5000;0.0;0.0;0.0
F;1000-5000;>10000;<50;0.0;0.0;0.0
F;1000-5000;>10000;50-100;0.0;0.0;0.0
F;1000-5000;>10000;100-200;0.0;0.0;0.0
F;1000-5000;>10000;200-500;0.0;0.0;0.0
F;1000-5000;>10000;500-1000;0.0;0.0;0.0
F;1000-5000;>10000;1000-5000;0.0;0.0;0.0
F;1000-5000;>10000;>5000;0.0;0.0;0.0
F;>5000;<50;<50;0.0;0.0;0.0
F;>5000;<50;50-100;0.0;0.0;0.0
F;>5000;<50;100-200;0.0;0.0;0.0
F;>5000;<50;200-500;0.0;0.0;0.0
F;>5000;<50;500-1000;0.0;0.0;0.0
F;>5000;<50;1000-5000;0.0;0.0;0.0
F;>5000;<50;>5000;0.0;0.0;0.0
F;>5000;50-100;<50;0.0;0.0;0.0
F;>5000;50-100;50-100;0.0;0.0;0.0
F;>5000;50-100;100-200;0.0;0.0;0.0
F;>5000;50-100;200-500;0.0;0.0;0.0
F;>5000;50-100;500-1000;0.0;0.0;0.0
F;>5000;50-100;1000-5000;0.0;0.0;0.0
F;>5000;50-100;>5000;0.0;0.0;0.0
F;>5000;100-200;<50;0.0;0.0;0.0
F;>5000;100-200;50-100;0.0;0.0;0.0
F;>5000;100-200;100-200;0.0;0.0;0.0
F;>5000;100-200;200-500;0.0;0.0;0.0
F;>5000;100-200;500-1000;0.0;0.0;0.0
F;>5000;100-200;1000-5000;0.0;0.0;0.0
F;>5000;100-200;>5000;0.0;0.0;0.0
F;>5000;200-500;<50;0.0;0.0;0.0
F;>5000;200-500;50-100;0.0;0.0;0.0
F;>5000;200-500;100-200;0.0;0.0;0.0
F;>5000;200-500;200-500;0.0;0.0;0.0
F;>5000;200-500;500-1000;0.0;0.0;0.0
F;>5000;200-500;1000-5000;0.0;0.0;0.0
F;>5000;200-500;>5000;0.0;0.0;0.0
F;>5000;500-1000;<50;0.0;0.0;0.0
F;>5000;500-1000;50-100;0.0;0.0;0.0
F;>5000;500-1000;100-200;0.0;0.0;0.0
F;>5000;500-1000;200-500;0.0;0.0;0.0
F;>5000;500-1000;500-1000;0.0;0.0;0.0
F;>5000;500-1000;1000-5000;0.0;0.0;0.0
F;>5000;500-1000;>5000;0.0;0.0;0.0
F;>5000;1000-5000;<50;0.0;0.0;0.0
F;>5000;1000-5000;50-100;0.0;0.0;0.0
F;>5000;1000-5000;100-200;0.0;0.0;0.0
F;>5000;1000-5000;200-500;0.0;0.0;0.0
F;>5000;1000-5000;500-1000;0.0;0.0;0.0
F;>5000;1000-5000;1000-5000;0.0;0.0;0.0
F;>5000;1000-5000;>5000;0.0;0.0;0.0
F;>5000;5000-10000;<50;0.0;0.0;0.0
F;>5000;5000-10000;50-100;0.0;0.0;0.0
F;>5000;5000-10000;100-200;0.0;0.0;0.0
F;>5000;5000-10000;200-500;0.0;0.0;0.0
F;>5000;5000-10000;500-1000;0.0;0.0;0.0
F;>5000;5000-10000;1000-5000;0.0;0.0;0.0
F;>5000;5000-10000;>5000;0.0;0.0;0.0
F;>5000;>10000;<50;0.0;0.0;0.0
F;>5000;>10000;50-100;0.0;0.0;0.0
F;>5000;>10000;100-200;0.0;0.0;0.0
F;>5000;>10000;200-500;0.0;0.0;0.0
F;>5000;>10000;500-1000;0.0;0.0;0.0
F;>5000;>10000;1000-5000;0.0;0.0;0.0
F;>5000;>10000;>5000;0.0;0.0;0.0
